1,Precious,Achiuwa,MIA,PF,21,61,4,12.1,2,3.7,0.544,0,0,0,2,3.7,0.546,0.544,0.9,1.8,0.509,1.2,2.2,3.4,0.5,0.3,0.5,0.7,1.5,5
2,Jaylen,Adams,MIL,PG,24,7,0,2.6,0.1,1.1,0.125,0,0.3,0,0.1,0.9,0.167,0.125,0,0,0,0,0.4,0.4,0.3,0,0,0,0.1,0.3
3,Steven,Adams,NOP,C,27,58,58,27.7,3.3,5.3,0.614,0,0.1,0,3.3,5.3,0.62,0.614,1,2.3,0.444,3.7,5.2,8.9,1.9,0.9,0.7,1.3,1.9,7.6
4,Bam,Adebayo,MIA,C,23,64,64,33.5,7.1,12.5,0.57,0,0.1,0.25,7.1,12.4,0.573,0.571,4.4,5.5,0.799,2.2,6.7,9,5.4,1.2,1,2.6,2.3,18.7
5,LaMarcus,Aldridge,SAS,C,35,21,18,25.9,5.5,11.8,0.464,1.3,3.6,0.36,4.2,8.2,0.509,0.518,1.5,1.8,0.838,0.8,3.7,4.5,1.7,0.4,0.9,1,1.7,13.7
6,LaMarcus,Aldridge,BRK,C,35,5,5,26,5,9.6,0.521,0.8,1,0.8,4.2,8.6,0.488,0.563,2,2,1,0.4,4.4,4.8,2.6,0.6,2.2,1.4,2.2,12.8
7,Ty-Shon,Alexander,PHO,SG,22,15,0,3.1,0.2,0.8,0.25,0.1,0.6,0.222,0.1,0.2,0.333,0.333,0.1,0.1,0.5,0.1,0.5,0.7,0.4,0,0.1,0.2,0.1,0.6
8,Nickeil,Alexander-Walker,NOP,SG,22,46,13,21.9,4.2,10,0.419,1.7,4.8,0.347,2.5,5.2,0.485,0.502,1,1.4,0.727,0.3,2.8,3.1,2.2,1,0.5,1.5,1.9,11
9,Grayson,Allen,MEM,SG,25,50,38,25.2,3.5,8.3,0.418,2.1,5.5,0.391,1.3,2.8,0.471,0.547,1.6,1.8,0.868,0.4,2.8,3.2,2.2,0.9,0.2,1,1.4,10.6
10,Jarrett,Allen,BRK,C,22,12,5,26.7,3.7,5.4,0.677,0,0,0,3.7,5.4,0.677,0.677,3.8,5.1,0.754,3.2,7.3,10.4,1.7,0.6,1.6,1.8,1.8,11.2
11,Jarrett,Allen,CLE,C,22,51,40,30.3,5,8.2,0.609,0.1,0.4,0.316,4.9,7.8,0.623,0.616,3.1,4.5,0.69,3.1,6.8,9.9,1.7,0.5,1.4,1.5,1.5,13.2
12,Al-Farouq,Aminu,ORL,PF,30,17,14,21.6,2.1,5.2,0.404,0.4,1.8,0.226,1.7,3.4,0.5,0.444,0.8,1,0.824,1.2,4.2,5.4,1.7,1,0.5,1.5,1.3,5.5
13,Al-Farouq,Aminu,CHI,PF,30,6,0,11.2,0.3,1.7,0.2,0.2,1,0.167,0.2,0.7,0.25,0.25,0.7,0.8,0.8,0.3,2.8,3.2,0.3,0.3,0,0.5,1.2,1.5
14,Kyle,Anderson,MEM,PF,27,69,69,27.3,4.5,9.5,0.468,1.4,3.8,0.36,3.1,5.8,0.539,0.54,2.1,2.7,0.783,0.8,5,5.7,3.6,1.2,0.8,1.2,1.7,12.4
15,Giannis,Antetokounmpo,MIL,PF,26,61,61,33,10.3,18,0.569,1.1,3.6,0.303,9.2,14.4,0.636,0.6,6.5,9.5,0.685,1.6,9.4,11,5.9,1.2,1.2,3.4,2.8,28.1
16,Kostas,Antetokounmpo,LAL,PF,23,15,0,3.7,0.2,0.7,0.3,0,0,0,0.2,0.7,0.3,0.3,0.4,0.9,0.462,0.3,1,1.3,0.1,0.1,0.3,0.7,0.5,0.8
17,Thanasis,Antetokounmpo,MIL,SF,28,57,3,9.7,1.2,2.4,0.489,0.1,0.5,0.241,1.1,1.9,0.556,0.515,0.4,0.9,0.51,0.9,1.2,2.2,0.8,0.4,0.2,0.8,1.3,2.9
18,Carmelo,Anthony,POR,PF,36,69,3,24.5,4.7,11.3,0.421,1.9,4.7,0.409,2.8,6.6,0.429,0.506,2,2.2,0.89,0.5,2.6,3.1,1.5,0.7,0.6,0.9,2.1,13.4
19,Cole,Anthony,ORL,PG,20,47,34,27.1,4.7,11.7,0.397,1.2,3.7,0.337,3.4,8.1,0.424,0.449,2.3,2.8,0.832,0.8,3.9,4.7,4.1,0.6,0.4,2.3,2.1,12.9
20,OG,Anunoby,TOR,SF,23,43,43,33.3,5.8,12.1,0.48,2.4,6.1,0.398,3.4,6,0.562,0.58,1.9,2.4,0.784,1.3,4.3,5.5,2.2,1.5,0.7,1.7,2.7,15.9
21,Ryan,Arcidiacono,CHI,PG,26,44,0,10.2,1.1,2.7,0.419,0.6,1.5,0.373,0.5,1.1,0.48,0.526,0.3,0.5,0.65,0.1,1.4,1.5,1.3,0.2,0,0.2,1.1,3.1
22,Trevor,Ariza,MIA,SF,35,30,27,28,3.3,8,0.411,1.7,4.8,0.35,1.6,3.3,0.5,0.515,1.1,1.5,0.773,0.9,3.9,4.8,1.8,1,0.6,0.7,1.8,9.4
23,D.J.,Augustin,MIL,PG,33,37,6,19.3,1.9,5.2,0.37,1.3,3.5,0.38,0.6,1.7,0.349,0.497,1,1.1,0.9,0.3,1.1,1.4,3,0.5,0,0.9,0.9,6.1
24,D.J.,Augustin,HOU,PG,33,20,6,20.8,3.2,7.6,0.424,1.7,4.4,0.386,1.5,3.2,0.476,0.536,2.5,2.7,0.907,0.5,1.8,2.2,3.9,0.4,0,1.6,1.2,10.6
25,Deni,Avdija,WAS,SF,20,54,32,23.3,2.4,5.8,0.417,1,3.1,0.315,1.4,2.7,0.535,0.502,0.5,0.8,0.644,0.4,4.4,4.9,1.2,0.6,0.3,0.6,2.6,6.3
26,Deandre,Ayton,PHO,C,22,69,69,30.7,6.2,10,0.626,0.1,0.3,0.2,6.2,9.7,0.639,0.629,1.9,2.5,0.769,3.3,7.2,10.5,1.4,0.6,1.2,1.5,2.8,14.4
27,Udoka,Azubuike,UTA,C,21,15,0,3.8,0.3,0.6,0.444,0,0,0,0.3,0.6,0.444,0.444,0.5,0.7,0.8,0.3,0.6,0.9,0,0.1,0.3,0.2,0.6,1.1
28,Dwayne,Bacon,ORL,SG,25,72,50,25.7,4.1,10.1,0.402,0.8,2.9,0.285,3.2,7.2,0.449,0.443,2,2.4,0.824,0.4,2.7,3.1,1.3,0.6,0.1,0.6,1.4,10.9
29,Marvin,Bagley III,SAC,PF,21,43,42,25.9,5.7,11.4,0.504,0.9,2.5,0.343,4.9,8.9,0.55,0.542,1.8,3.1,0.575,2.5,4.9,7.4,1,0.5,0.5,1.4,2.3,14.1
30,LaMelo,Ball,CHO,PG,19,51,31,28.8,5.7,13.2,0.436,1.8,5.1,0.352,3.9,8.1,0.489,0.504,2.5,3.2,0.758,1.2,4.7,5.9,6.1,1.6,0.4,2.8,2.7,15.7
31,Lonzo,Ball,NOP,PG,23,55,55,31.8,5.3,12.7,0.414,3.1,8.3,0.378,2.1,4.5,0.482,0.537,0.9,1.2,0.781,0.6,4.2,4.8,5.7,1.5,0.6,2.2,1.9,14.6
32,Mo,Bamba,ORL,C,22,46,5,15.8,3.1,6.5,0.472,0.8,2.6,0.322,2.3,4,0.568,0.535,1,1.4,0.682,1.7,4.1,5.8,0.8,0.3,1.3,0.8,1.9,8
33,Desmond,Bane,MEM,SG,22,68,17,22.3,3.4,7.3,0.469,1.7,4,0.432,1.7,3.4,0.513,0.586,0.6,0.7,0.816,0.5,2.6,3.1,1.7,0.6,0.2,0.9,1.8,9.2
34,Harrison,Barnes,SAC,PF,28,58,58,36.2,5.5,11.1,0.497,1.7,4.4,0.391,3.8,6.7,0.567,0.575,3.4,4.1,0.83,1.1,5.5,6.6,3.5,0.7,0.2,1.6,1.3,16.1
35,RJ,Barrett,NYK,SG,20,72,72,34.9,6.5,14.7,0.441,1.7,4.3,0.401,4.8,10.4,0.457,0.499,2.9,3.8,0.746,0.9,4.8,5.8,3,0.7,0.3,1.9,2.6,17.6
36,Will,Barton,DEN,SF,30,56,52,31,4.6,10.9,0.426,1.8,4.6,0.381,2.9,6.3,0.459,0.507,1.7,2.2,0.785,0.7,3.3,4,3.2,0.9,0.4,1.7,1.7,12.7
37,Keita,Bates-Diop,SAS,SF,25,30,0,8.2,1,2.2,0.448,0.2,0.6,0.294,0.8,1.7,0.5,0.485,0.5,0.7,0.667,0.3,1.3,1.6,0.4,0.4,0.2,0.2,0.4,2.6
38,Nicolas,Batum,LAC,SF,32,67,38,27.4,2.9,6.1,0.464,1.6,4.1,0.404,1.2,2.1,0.579,0.597,0.7,0.9,0.828,0.7,4,4.7,2.2,1,0.6,0.8,1.5,8.1
39,Aron,Baynes,TOR,C,34,53,31,18.5,2.5,5.7,0.441,0.5,1.9,0.262,2,3.8,0.532,0.485,0.5,0.8,0.707,1.6,3.5,5.2,0.9,0.3,0.4,0.9,2.2,6.1
40,Kent,Bazemore,GSW,SF,31,67,18,19.9,2.6,5.9,0.449,1.1,2.7,0.408,1.5,3.1,0.486,0.545,0.8,1.2,0.692,0.4,3,3.4,1.6,1,0.5,1.2,2.4,7.2
41,Darius,Bazley,OKC,PF,20,55,55,31.2,5,12.5,0.396,1.5,5.2,0.29,3.5,7.3,0.47,0.456,2.3,3.2,0.702,0.9,6.3,7.2,1.8,0.5,0.5,2.2,1.1,13.7
42,Bradley,Beal,WAS,SG,27,60,60,35.8,11.2,23,0.485,2.2,6.2,0.349,9,16.8,0.535,0.532,6.8,7.7,0.889,1.2,3.5,4.7,4.4,1.2,0.4,3.1,2.3,31.3
43,Malik,Beasley,MIN,SG,24,37,36,32.8,7.1,16.2,0.44,3.5,8.7,0.399,3.7,7.5,0.487,0.547,1.8,2.2,0.85,0.8,3.6,4.4,2.4,0.8,0.2,1.6,1.7,19.6
44,Jordan,Bell,WAS,C,26,5,1,13.4,1.4,4,0.35,0,0.4,0,1.4,3.6,0.389,0.35,0,0,0,1.2,2.6,3.8,1,0.6,0.6,0.6,1,2.8
45,Jordan,Bell,GSW,C,26,1,0,15,0,2,0,0,0,0,0,2,0,0,1,2,0.5,1,4,5,2,0,2,1,2,1
46,DeAndre',Bembry,TOR,SF,26,51,12,19.1,2.3,4.5,0.513,0.3,1,0.264,2,3.4,0.589,0.544,0.9,1.3,0.682,0.6,2.2,2.9,2.1,1,0.4,1.4,1.7,5.7
47,Dāvis,Bertāns,WAS,PF,28,57,7,25.7,3.4,8.4,0.404,3,7.5,0.395,0.4,0.9,0.48,0.581,1.8,2,0.87,0.3,2.6,2.9,0.9,0.6,0.2,0.6,2.4,11.5
48,Patrick,Beverley,LAC,PG,32,37,34,22.5,2.5,5.9,0.423,1.5,3.8,0.397,1,2.1,0.468,0.55,1,1.2,0.8,0.8,2.4,3.2,2.1,0.8,0.8,0.9,2.9,7.5
49,Saddiq,Bey,DET,SF,21,70,53,27.3,4,9.9,0.404,2.5,6.6,0.38,1.5,3.3,0.45,0.53,1.8,2.1,0.844,0.6,3.9,4.5,1.4,0.7,0.2,0.9,1.6,12.2
50,Tyler,Bey,DAL,SF,22,18,0,3.9,0.4,1.2,0.318,0.1,0.2,0.25,0.3,1,0.333,0.341,0.2,0.3,0.6,0.4,0.6,1.1,0.2,0,0.1,0.2,0.3,1
51,Khem,Birch,ORL,C,28,48,5,19.8,2,4.4,0.45,0.1,0.4,0.19,1.9,3.9,0.479,0.459,1.3,1.8,0.741,2.4,2.6,5.1,1.1,0.7,0.6,0.5,1.4,5.3
52,Khem,Birch,TOR,C,28,19,17,30.4,5,9,0.556,0.5,1.6,0.29,4.5,7.4,0.614,0.582,1.5,2.3,0.636,3,4.6,7.6,1.9,0.8,1.2,1.1,2.4,11.9
53,Goga,Bitadze,IND,C,21,45,3,12.5,1.8,4.3,0.428,0.4,1.8,0.253,1.4,2.6,0.548,0.479,1,1.4,0.738,1.3,2,3.3,0.8,0.2,1.3,0.4,2.1,5.1
54,Bismack,Biyombo,CHO,C,28,66,36,20.4,2.2,3.7,0.587,0,0,0,2.2,3.7,0.589,0.587,0.7,1.6,0.448,2.1,3.2,5.3,1.2,0.3,1.1,1.1,2.1,5
55,Nemanja,Bjelica,SAC,PF,32,26,1,16.9,2.7,5.8,0.46,0.7,2.2,0.293,2,3.5,0.565,0.517,1.2,1.6,0.762,0.9,2.9,3.8,1.9,0.3,0.1,1.1,1.8,7.2
56,Nemanja,Bjelica,MIA,PF,32,11,2,14.2,1.8,4.2,0.435,0.9,2.5,0.37,0.9,1.7,0.526,0.543,0.5,0.8,0.556,0.5,2,2.5,1.8,0.6,0.3,0.5,1.8,5
57,Eric,Bledsoe,NOP,SG,31,71,70,29.7,4.3,10.3,0.421,1.7,5,0.341,2.6,5.3,0.496,0.503,1.9,2.7,0.687,0.4,3,3.4,3.8,0.8,0.3,1.6,1.6,12.2
58,Keljin,Blevins,POR,SF,25,17,0,4.4,0.3,1.2,0.25,0.1,0.5,0.25,0.2,0.7,0.25,0.3,0,0,0,0.2,0.4,0.6,0.2,0.1,0,0.3,0.5,0.7
59,Bogdan,Bogdanović,ATL,SG,28,44,27,29.7,6.1,12.8,0.473,3.3,7.6,0.438,2.8,5.3,0.522,0.602,0.9,1,0.909,0.5,3.2,3.6,3.3,1.1,0.3,1.2,2.3,16.4
60,Bojan,Bogdanović,UTA,SF,31,72,72,30.8,5.6,12.8,0.439,2.5,6.4,0.39,3.1,6.4,0.487,0.536,3.2,3.7,0.879,0.6,3.3,3.9,1.9,0.6,0.1,1.8,1.6,17
61,Bol,Bol,DEN,PF,21,32,2,5,0.8,1.8,0.431,0.3,0.8,0.375,0.5,1.1,0.471,0.509,0.3,0.5,0.667,0,0.8,0.8,0.2,0.1,0.3,0.4,0.4,2.2
62,Marques,Bolden,CLE,C,22,6,0,4.8,0.2,0.5,0.333,0,0,0,0.2,0.5,0.333,0.333,0.8,1.3,0.625,0.5,0.5,1,0,0.3,0.3,0.3,0,1.2
63,Jordan,Bone,ORL,PG,23,14,0,14,1.6,3.9,0.426,0.7,2.3,0.313,0.9,1.6,0.591,0.519,0,0,0,0.3,1.4,1.7,1.3,0.1,0,0.2,0.8,4
64,Isaac,Bonga,WAS,SF,21,40,8,10.8,0.8,2,0.37,0.3,1.2,0.277,0.4,0.9,0.5,0.451,0.1,0.2,0.625,0.5,1.2,1.7,0.6,0.3,0.2,0.6,1.6,2
65,Devin,Booker,PHO,SG,24,67,67,33.9,9.3,19.2,0.484,1.9,5.5,0.34,7.4,13.7,0.543,0.533,5.1,5.9,0.867,0.5,3.7,4.2,4.3,0.8,0.2,3.1,2.7,25.6
66,Chris,Boucher,TOR,C,28,60,14,24.2,4.8,9.3,0.514,1.5,3.9,0.383,3.3,5.4,0.609,0.595,2.5,3.2,0.788,2,4.8,6.7,1.1,0.6,1.9,0.8,2.8,13.6
67,Brian,Bowen,IND,SF,22,6,0,2.5,0.2,0.7,0.25,0,0.2,0,0.2,0.5,0.333,0.25,0.2,0.2,1,0,0.5,0.5,0,0,0,0,0.2,0.5
68,Avery,Bradley,MIA,SG,30,10,1,21.1,3.1,6.6,0.47,1.6,3.8,0.421,1.5,2.8,0.536,0.591,0.7,0.9,0.778,0.2,1.6,1.8,1.4,0.7,0.1,0.9,2.6,8.5
69,Avery,Bradley,HOU,SG,30,17,5,23,1.9,6.2,0.314,1,3.7,0.27,0.9,2.5,0.381,0.395,0.3,0.4,0.833,0.4,1.9,2.3,1.9,0.8,0.1,1.1,1.7,5.2
70,Tony,Bradley,PHI,C,23,20,8,14.4,2.6,3.8,0.68,0,0.1,0,2.6,3.7,0.689,0.68,0.4,0.6,0.636,2,3.3,5.2,0.9,0.3,0.7,0.3,1.4,5.5
71,Tony,Bradley,OKC,C,23,22,0,18,3.6,5.5,0.656,0,0.1,0,3.6,5.5,0.667,0.656,1.4,2,0.705,2.1,4,6.1,0.9,0.4,0.8,1.2,1.5,8.7
72,Jarrell,Brantley,UTA,PF,24,28,0,4.9,0.9,1.9,0.481,0.4,1,0.429,0.5,0.9,0.542,0.596,0.1,0.1,1,0.3,0.6,1,0.5,0.3,0.1,0.3,0.6,2.3
73,Ignas,Brazdeikis,NYK,SF,22,4,0,1.8,0,0.3,0,0,0,0,0,0.3,0,0,0.5,0.5,1,0.3,0.3,0.5,0.3,0,0,0.3,0,0.5
74,Ignas,Brazdeikis,PHI,SF,22,1,0,8,0,3,0,0,1,0,0,2,0,0,0,0,0,0,2,2,0,0,0,0,0,0
75,Ignas,Brazdeikis,ORL,SF,22,8,0,29.3,4.4,9.9,0.443,1.4,3.4,0.407,3,6.5,0.462,0.513,1,1.5,0.667,1.3,3.9,5.1,2,0.5,0.4,1.4,2.8,11.1
76,Mikal,Bridges,PHO,SF,24,72,72,32.6,5,9.3,0.543,1.9,4.4,0.425,3.2,4.9,0.647,0.643,1.5,1.8,0.84,1.1,3.2,4.3,2.1,1.1,0.9,0.8,1.6,13.5
77,Miles,Bridges,CHO,PF,22,66,19,29.3,4.7,9.4,0.503,1.8,4.4,0.4,3,5,0.593,0.596,1.5,1.7,0.867,1.2,4.8,6,2.2,0.7,0.8,1.6,2.2,12.7
78,Amida,Brimah,IND,C,26,5,0,5.8,1,1.6,0.625,0,0,0,1,1.6,0.625,0.625,0.6,0.6,1,0.4,1.2,1.6,0.2,0,1,0.8,0.8,2.6
79,Oshae,Brissett,IND,SF,22,21,16,24.7,3.5,7.2,0.483,1.6,3.7,0.423,1.9,3.5,0.548,0.593,2.4,3.1,0.769,1.4,4.1,5.5,0.9,0.9,1,0.5,1.5,10.9
80,Malcolm,Brogdon,IND,PG,28,56,56,34.5,7.9,17.5,0.453,2.6,6.7,0.388,5.3,10.8,0.493,0.527,2.7,3.2,0.864,1,4.2,5.3,5.9,0.9,0.3,2.1,2,21.2
81,Armoni,Brooks,HOU,SG,22,20,5,26,3.9,9.6,0.406,3,7.9,0.382,0.9,1.8,0.514,0.563,0.4,0.6,0.583,0.5,2.9,3.4,1.5,0.6,0.3,1.1,1.7,11.2
82,Dillon,Brooks,MEM,SF,25,67,67,29.8,6.4,15.4,0.419,1.9,5.6,0.344,4.5,9.8,0.461,0.481,2.4,2.9,0.815,0.8,2.1,2.9,2.3,1.2,0.4,1.8,3.5,17.2
83,Bruce,Brown,BRK,PG,24,65,37,22.3,3.6,6.5,0.556,0.3,0.9,0.288,3.4,5.6,0.599,0.576,1.3,1.8,0.735,1.7,3.7,5.4,1.6,0.9,0.4,0.8,2.2,8.8
84,Charlie,Brown,OKC,SG,23,9,1,16.9,1.4,4.8,0.302,0.6,2.3,0.238,0.9,2.4,0.364,0.36,1,1.1,0.9,0.3,1.6,1.9,1,0.4,0.2,0.7,2.1,4.4
85,Jaylen,Brown,BOS,SG,24,58,58,34.5,9.3,19.2,0.484,2.8,7.1,0.397,6.5,12.1,0.536,0.558,3.3,4.3,0.764,1.2,4.8,6,3.4,1.2,0.6,2.7,2.9,24.7
86,Moses,Brown,OKC,C,21,43,32,21.4,3.4,6.2,0.545,0,0,0,3.4,6.2,0.545,0.545,1.8,2.9,0.619,3.6,5.3,8.9,0.2,0.7,1.1,1,2.2,8.6
87,Sterling,Brown,HOU,SG,25,51,14,24.1,2.9,6.6,0.448,1.8,4.2,0.423,1.2,2.4,0.492,0.584,0.5,0.6,0.806,0.7,3.6,4.4,1.4,0.7,0.2,0.8,1.9,8.2
88,Troy,Brown Jr.,WAS,SF,21,21,0,13.7,1.6,4.2,0.371,0.7,2.2,0.304,0.9,2,0.442,0.449,0.5,0.7,0.667,0.5,2.4,2.9,0.9,0.1,0.2,0.8,1.4,4.3
89,Troy, Brown Jr.,CHI,SF,21,13,0,18.2,2.2,4.2,0.527,0.6,1.8,0.333,1.6,2.4,0.677,0.6,0.4,0.5,0.833,0.7,2.7,3.4,0.8,0.5,0.2,0.4,1.5,5.5
90,Jalen,Brunson,DAL,PG,24,68,12,25,4.8,9.2,0.523,1.2,2.9,0.405,3.6,6.3,0.578,0.588,1.8,2.2,0.795,0.4,3,3.4,3.5,0.5,0,1.2,1.6,12.6
91,Elijah,Bryant,MIL,SG,25,1,0,32,6,13,0.462,1,5,0.2,5,8,0.625,0.5,3,3,1,2,4,6,3,0,1,4,4,16
92,Thomas,Bryant,WAS,C,23,10,10,27.1,5.9,9.1,0.648,0.9,2.1,0.429,5,7,0.714,0.698,1.6,2.4,0.667,1.8,4.3,6.1,1.5,0.4,0.8,1.1,3.1,14.3
93,Reggie,Bullock,NYK,SF,29,65,64,30,3.8,8.6,0.442,2.5,6.1,0.41,1.3,2.5,0.521,0.587,0.8,0.8,0.909,0.2,3.2,3.4,1.5,0.8,0.2,0.7,2.2,10.9
94,Trey,Burke,DAL,PG,28,62,1,14.7,2.4,5.7,0.428,0.9,2.6,0.354,1.5,3,0.492,0.51,0.8,0.9,0.895,0.2,0.7,0.9,1.3,0.6,0.1,0.5,1,6.6
95,Alec,Burks,NYK,SG,29,49,5,25.6,4.3,10.2,0.42,2.1,5,0.415,2.2,5.2,0.425,0.522,2.1,2.4,0.856,0.4,4.2,4.6,2.2,0.6,0.3,1,2.1,12.7
96,Jimmy,Butler,MIA,SF,31,52,52,33.6,7,14.2,0.497,0.5,2,0.245,6.6,12.2,0.538,0.514,6.9,8,0.863,1.8,5.1,6.9,7.1,2.1,0.3,2.1,1.4,21.5
97,Bruno,Caboclo,HOU,PF,25,6,0,6,1.3,2.8,0.471,0,0.8,0,1.3,2,0.667,0.471,0.2,0.3,0.5,0.5,1.8,2.3,0.2,0,0.3,0.7,1,2.8
98,Devontae,Cacok,LAL,PF,24,20,1,4.9,0.9,1.5,0.586,0,0,0,0.9,1.5,0.586,0.586,0.3,0.6,0.455,0.6,1,1.6,0.1,0.3,0.2,0.3,0.4,2
99,Kentavious,Caldwell-Pope,LAL,SG,27,67,67,28.4,3.3,7.6,0.431,1.8,4.4,0.41,1.5,3.2,0.46,0.549,1.4,1.7,0.866,0.4,2.3,2.7,1.9,0.9,0.4,1,1.7,9.7
100,Facundo,Campazzo,DEN,PG,29,65,19,21.9,1.8,4.8,0.381,1.2,3.3,0.352,0.7,1.5,0.444,0.502,1.2,1.4,0.879,0.3,1.7,2.1,3.6,1.2,0.2,1.1,2,6.1
101,Vlatko,Čančar,DEN,PF,23,41,1,6.9,0.8,1.8,0.458,0.2,0.8,0.273,0.6,1,0.615,0.521,0.2,0.3,0.769,0.3,1,1.2,0.3,0.3,0,0.3,0.4,2.1
102,Devin,Cannady,ORL,PG,24,8,0,9.3,1.4,3.5,0.393,0.8,2,0.375,0.6,1.5,0.417,0.5,0.8,0.9,0.857,0,0.6,0.6,0.1,0.6,0.1,0.3,1.1,4.3
103,Clint,Capela,ATL,C,26,63,63,30.1,6.6,11,0.594,0,0,0,6.6,11,0.594,0.594,2.1,3.6,0.573,4.7,9.6,14.3,0.8,0.7,2,1.2,2.3,15.2
104,Vernon,Carey Jr.,CHO,C,19,19,4,6.1,0.9,1.9,0.5,0.1,0.4,0.143,0.9,1.5,0.586,0.514,0.5,0.6,0.818,0.3,1.1,1.4,0.1,0.1,0.3,0.3,0.7,2.4
105,Jevon,Carter,PHO,PG,25,60,1,12,1.6,3.7,0.422,0.9,2.5,0.371,0.6,1.2,0.528,0.547,0.1,0.1,0.571,0.3,1.3,1.5,1.2,0.5,0.2,0.3,0.9,4.1
106,Wendell,Carter Jr.,CHI,C,21,32,25,24.8,4,7.9,0.512,0.3,0.7,0.364,3.8,7.2,0.526,0.528,2.6,3.5,0.739,2.2,5.6,7.8,2.2,0.6,0.8,1.5,3,10.9
107,Wendell,Carter Jr.,ORL,C,21,22,19,26.5,4.6,9.3,0.493,0.3,1.3,0.241,4.3,8,0.534,0.51,2.2,3.1,0.721,2.8,6,8.8,1.6,0.8,0.8,1.3,2.3,11.7
108,Michael,Carter-Williams,ORL,SG,29,31,25,25.8,3.4,8.7,0.389,0.5,2,0.246,2.9,6.7,0.431,0.417,1.6,2.6,0.613,1.3,3.2,4.5,4.2,0.8,0.5,2.2,2.6,8.8
109,Alex,Caruso,LAL,PG,26,58,6,21,2.3,5.3,0.436,0.9,2.4,0.401,1.3,2.9,0.464,0.526,0.8,1.3,0.645,0.5,2.4,2.9,2.8,1.1,0.3,1.3,1.9,6.4
110,Willie,Cauley-Stein,DAL,C,27,53,16,17.1,2.2,3.4,0.632,0,0.2,0.091,2.2,3.2,0.667,0.635,0.9,1.5,0.628,1.2,3.2,4.5,0.7,0.4,0.8,0.5,2.4,5.3
111,Chris,Chiozza,BRK,PG,25,22,1,10.5,1.4,4,0.352,0.6,1.9,0.31,0.8,2.1,0.391,0.426,0.6,0.8,0.765,0.1,1,1.1,3,0.3,0.3,0.7,0.9,4
112,Marquese,Chriss,GSW,PF,23,2,0,13.5,2.5,7,0.357,0.5,2.5,0.2,2,4.5,0.444,0.393,1,2,0.5,1.5,5,6.5,1,0,1,1,1.5,6.5
113,Gary,Clark,ORL,SF,26,35,11,18.2,1.1,3.7,0.305,0.9,3.1,0.287,0.3,0.7,0.391,0.424,0.2,0.3,0.8,0.9,2.3,3.2,0.9,0.3,0.2,0.5,1,3.4
114,Gary,Clark,DEN,SF,26,2,0,2,0,0,0,0,0,0,0,0,0,0,0,0,0,0,0.5,0.5,0,0,0,0,0,0
115,Gary,Clark,PHI,PF,26,2,0,6.5,0,0.5,0,0,0,0,0,0.5,0,0,0,0,0,0,1,1,0.5,0.5,0,0,0.5,0
116,Brandon,Clarke,MEM,PF,24,59,16,24,4.3,8.4,0.517,0.3,1.3,0.26,4,7.1,0.565,0.537,1.3,1.9,0.69,1.6,3.9,5.6,1.6,1,0.9,0.6,1.4,10.3
117,Jordan,Clarkson,UTA,SG,28,68,1,26.7,6.7,15.8,0.425,3.1,8.8,0.347,3.7,7,0.523,0.522,1.9,2.1,0.896,0.7,3.3,4,2.5,0.9,0.1,1.7,1.6,18.4
118,Nicolas,Claxton,BRK,C,21,32,1,18.6,2.8,4.5,0.621,0,0.2,0.2,2.8,4.4,0.636,0.624,1,2,0.484,1.3,3.8,5.2,0.9,0.7,1.3,0.6,2.1,6.6
119,Amir,Coffey,LAC,SG,23,44,1,9,1,2.3,0.437,0.5,1.3,0.411,0.5,1.1,0.468,0.549,0.6,0.9,0.711,0.2,0.8,1,0.5,0.2,0,0.3,0.7,3.2
120,John,Collins,ATL,PF,23,63,63,29.3,6.8,12.2,0.556,1.3,3.3,0.399,5.5,8.9,0.615,0.61,2.7,3.2,0.833,1.9,5.5,7.4,1.2,0.5,1,1.3,3.1,17.6
121,Mike,Conley,UTA,PG,33,51,51,29.4,5.6,12.5,0.444,2.7,6.6,0.412,2.9,6,0.479,0.552,2.4,2.8,0.852,0.7,2.8,3.5,6,1.4,0.2,1.9,1.9,16.2
122,Pat,Connaughton,MIL,SG,28,69,4,22.8,2.4,5.6,0.434,1.5,3.9,0.371,1,1.7,0.583,0.565,0.4,0.6,0.775,0.9,3.9,4.8,1.2,0.7,0.3,0.5,1.4,6.8
123,Quinn,Cook,LAL,PG,27,16,0,3.9,0.8,1.6,0.462,0.3,0.8,0.385,0.4,0.8,0.538,0.558,0.3,0.3,0.8,0,0.3,0.3,0.3,0.1,0.1,0.2,0.1,2.1
124,Quinn,Cook,CLE,PG,27,7,0,13.6,2.4,6,0.405,0.9,1.9,0.462,1.6,4.1,0.379,0.476,0.4,0.4,1,0.3,1.4,1.7,1.9,0.4,0,0.6,1.1,6.1
125,Tyler,Cook,BRK,PF,23,4,0,4.3,0.3,0.8,0.333,0,0,0,0.3,0.8,0.333,0.333,0,0,0,0.3,0.3,0.5,0.5,0,0,0.3,0.5,0.5
126,Tyler,Cook,DET,SF,23,28,1,15,2.4,3.6,0.68,0,0.1,0.5,2.4,3.5,0.684,0.685,0.6,1.3,0.486,1,2.4,3.3,0.5,0.3,0.1,0.7,1.2,5.5
127,DeMarcus,Cousins,HOU,C,30,25,11,20.2,3.2,8.4,0.376,1.6,4.6,0.336,1.6,3.8,0.426,0.469,1.8,2.4,0.746,1.2,6.4,7.6,2.4,0.8,0.7,1.6,3,9.6
128,DeMarcus,Cousins,LAC,C,30,16,0,12.9,3.2,5.9,0.537,0.5,1.2,0.421,2.7,4.8,0.566,0.579,0.9,1.4,0.682,1.4,3.1,4.5,1,0.8,0.4,1.6,2.1,7.8
129,Robert,Covington,POR,PF,30,70,70,32,2.9,7.3,0.401,1.9,5.1,0.379,1,2.2,0.451,0.533,0.7,0.9,0.806,0.9,5.8,6.7,1.7,1.4,1.2,0.9,2.8,8.5
130,Torrey,Craig,MIL,SF,30,18,0,11.2,1,2.6,0.391,0.4,1.2,0.364,0.6,1.3,0.417,0.478,0.1,0.1,0.5,0.7,1.7,2.4,0.9,0.5,0.4,0.3,1.3,2.5
131,Torrey,Craig,PHO,SF,30,32,8,18.8,2.8,5.7,0.503,1,2.6,0.369,1.9,3,0.619,0.588,0.5,0.6,0.8,1.4,3.4,4.8,1,0.6,0.6,0.6,1.8,7.2
132,Jae,Crowder,PHO,PF,30,60,42,27.5,3.3,8.2,0.404,2.5,6.3,0.389,0.9,1.9,0.455,0.555,1,1.3,0.76,0.5,4.2,4.7,2.1,0.8,0.5,0.9,2.1,10.1
133,Jarrett,Culver,MIN,SG,21,34,7,14.7,2,4.9,0.411,0.4,1.6,0.245,1.6,3.4,0.487,0.449,0.9,1.4,0.604,1,2.1,3.1,0.7,0.5,0.3,0.8,1.7,5.3
134,Seth,Curry,PHI,SG,30,57,57,28.7,4.5,9.7,0.467,2.2,4.9,0.45,2.3,4.8,0.485,0.582,1.2,1.4,0.896,0.2,2.2,2.4,2.7,0.8,0.1,1.1,1.7,12.5
135,Stephen,Curry,GSW,PG,32,63,63,34.2,10.4,21.7,0.482,5.3,12.7,0.421,5.1,9,0.569,0.605,5.7,6.3,0.916,0.5,5,5.5,5.8,1.2,0.1,3.4,1.9,32
136,Nate,Darling,CHO,SG,22,7,0,3.7,0.3,1,0.286,0.3,1,0.286,0,0,0,0.429,0.4,0.4,1,0.1,0,0.1,0.1,0,0.1,0.1,0.1,1.3
137,Anthony,Davis,LAL,PF,27,36,36,32.3,8.4,17,0.491,0.7,2.8,0.26,7.6,14.3,0.536,0.512,4.4,5.9,0.738,1.7,6.2,7.9,3.1,1.3,1.6,2.1,1.7,21.8
138,Ed,Davis,MIN,C,31,23,7,13,0.8,1.9,0.432,0,0,0,0.8,1.9,0.432,0.432,0.4,0.5,0.833,2,3,5,0.9,0.6,0.6,0.3,2.4,2.1
139,Terence,Davis,TOR,SG,23,34,4,14.5,2.6,6.2,0.414,1.3,3.6,0.361,1.3,2.6,0.489,0.519,0.5,0.5,0.889,0.3,1.7,1.9,1.1,0.5,0.2,0.9,1.4,6.9
140,Terence,Davis,SAC,SG,23,27,0,21.5,4,9.1,0.439,2,5.4,0.372,2,3.7,0.535,0.549,1.1,1.4,0.784,0.4,2.9,3.3,1.7,1,0.3,1.3,1.8,11.1
141,Gabriel,Deck,OKC,PF,25,10,0,21.2,3.2,6.7,0.478,0.2,1.5,0.133,3,5.2,0.577,0.493,1.8,2.2,0.818,1.6,2.4,4,2.4,0.8,0,0.6,0.9,8.4
142,Dewayne,Dedmon,MIA,C,31,16,0,13.1,2.9,4.1,0.708,0.1,0.3,0.2,2.8,3.8,0.75,0.715,1.3,1.7,0.741,1.8,3.6,5.4,0.8,0.6,0.4,0.8,2.3,7.1
143,Matthew,Dellavedova,CLE,PG,30,13,1,17.2,1.1,4.3,0.25,0.3,1.9,0.16,0.8,2.4,0.323,0.286,0.3,0.3,1,0.5,1.4,1.8,4.5,0.3,0.1,0.5,1.6,2.8
144,DeMar,DeRozan,SAS,PF,31,61,61,33.7,7.5,15.1,0.495,0.3,1.2,0.257,7.1,13.9,0.515,0.505,6.3,7.2,0.88,0.7,3.6,4.2,6.9,0.9,0.2,2,2.1,21.6
145,Mamadi,Diakite,MIL,PF,24,14,1,10.1,1.1,2.9,0.4,0.1,0.6,0.125,1.1,2.3,0.469,0.413,0.8,1,0.786,0.6,1.9,2.4,0.6,0.5,0.4,0.2,1.1,3.1
146,Hamidou,Diallo,OKC,SG,22,32,5,23.8,4.5,9.3,0.481,0.4,1.3,0.293,4.1,8,0.512,0.502,2.6,4.1,0.629,1.2,4,5.2,2.4,1,0.4,1.5,2.6,11.9
147,Hamidou,Diallo,DET,SF,22,20,4,23.3,4.1,8.7,0.468,0.8,2.1,0.39,3.3,6.6,0.492,0.514,2.3,3.4,0.662,1.1,4.3,5.4,1.2,0.5,0.6,1.4,2.6,11.2
148,Gorgui,Dieng,MEM,C,31,22,1,16.9,2.5,4.9,0.519,1,2.2,0.479,1.5,2.7,0.55,0.625,1.7,2,0.884,1.3,3.2,4.5,1.3,0.8,0.6,1,1.7,7.9
149,Gorgui,Dieng,SAS,C,31,16,0,11.3,1.8,3.4,0.527,0.4,1.4,0.318,1.4,2.1,0.667,0.591,1.3,1.5,0.833,0.8,1.9,2.6,1.2,0.6,0.1,0.6,1.1,5.3
150,Spencer,Dinwiddie,BRK,SG,27,3,3,21.3,2,5.3,0.375,0.7,2.3,0.286,1.3,3,0.444,0.438,2,2,1,0,4.3,4.3,3,0.7,0.3,1.7,1.3,6.7
151,Donte,DiVincenzo,MIL,SG,24,66,66,27.5,3.8,9.1,0.42,2,5.2,0.379,1.8,3.9,0.475,0.528,0.8,1.1,0.718,1.2,4.5,5.8,3.1,1.1,0.2,1.4,1.7,10.4
152,Luka,Dončić,DAL,PG,21,66,66,34.3,9.8,20.5,0.479,2.9,8.3,0.35,6.9,12.2,0.567,0.55,5.2,7.1,0.73,0.8,7.2,8,8.6,1,0.5,4.3,2.3,27.7
153,Luguentz,Dort,OKC,SG,21,52,52,29.7,4.8,12.3,0.387,2.2,6.3,0.343,2.6,6,0.432,0.475,2.3,3.2,0.744,0.7,2.9,3.6,1.7,0.9,0.4,1.5,2.6,14
154,Damyean,Dotson,CLE,SG,26,46,7,19.7,2.6,6.4,0.406,1,3.5,0.289,1.6,2.9,0.545,0.485,0.5,0.8,0.667,0.1,1.9,2,2,0.3,0.1,0.9,0.9,6.7
155,Devon,Dotson,CHI,PG,21,11,0,4.5,1,1.9,0.524,0.1,0.6,0.143,0.9,1.3,0.714,0.548,0,0,0,0.2,0.3,0.5,0.6,0.4,0,0,0.3,2.1
156,Sekou,Doumbouya,DET,PF,20,56,11,15.5,1.9,5,0.379,0.5,2.1,0.226,1.4,3,0.485,0.426,0.8,1.1,0.703,0.7,1.9,2.6,0.8,0.4,0.2,0.8,1.7,5.1
157,PJ,Dozier,DEN,SG,24,50,6,21.8,3,7.1,0.417,0.9,3,0.315,2,4.1,0.49,0.483,0.8,1.3,0.636,0.7,2.9,3.6,1.8,0.6,0.4,0.9,1.7,7.7
158,Goran,Dragić,MIA,PG,34,50,11,26.7,4.8,11.1,0.432,1.8,4.9,0.373,3,6.2,0.479,0.514,2,2.4,0.828,0.5,2.9,3.4,4.4,0.7,0.2,2.4,2.3,13.4
159,Andre,Drummond,CLE,C,27,25,25,28.9,7.2,15.2,0.474,0,0.3,0,7.2,14.9,0.484,0.474,3.1,5.2,0.597,4,9.4,13.5,2.6,1.6,1.2,3.2,2.8,17.5
160,Andre,Drummond,LAL,C,27,21,21,24.8,4.9,9.1,0.531,0,0,0,4.9,9.1,0.531,0.531,2.2,3.6,0.605,3.1,7.1,10.2,1.4,1.1,1,2,3.8,11.9
161,Jared,Dudley,LAL,PF,35,12,0,6.8,0.2,0.8,0.222,0.2,0.5,0.333,0,0.3,0,0.333,0,0,0,0.3,1.4,1.8,0.4,0.1,0.1,0.2,0.6,0.5
162,Kris,Dunn,ATL,PG,26,4,0,11.3,0.3,3,0.083,0,0.5,0,0.3,2.5,0.1,0.083,0.8,1,0.75,0,1.5,1.5,0.5,0.5,0.5,0.8,2.5,1.3
163,Kevin,Durant,BRK,PF,32,35,32,33.1,9.3,17.2,0.537,2.4,5.4,0.45,6.8,11.8,0.577,0.608,6,6.8,0.882,0.4,6.7,7.1,5.6,0.7,1.3,3.4,2,26.9
164,Anthony,Edwards,MIN,SG,19,72,55,32.1,7,16.8,0.417,2.4,7.2,0.329,4.6,9.6,0.483,0.488,2.9,3.8,0.776,0.8,3.8,4.7,2.9,1.1,0.5,2.2,1.8,19.3
165,Carsen,Edwards,BOS,SG,22,31,1,8.9,1.5,3.6,0.423,0.6,2,0.286,0.9,1.5,0.604,0.505,0.4,0.4,0.846,0.1,0.7,0.8,0.5,0.2,0,0.2,0.8,4
166,CJ,Elleby,POR,SF,20,30,0,6.4,0.8,2.2,0.379,0.2,1.1,0.206,0.6,1.1,0.563,0.432,0.4,0.5,0.733,0.4,0.7,1.1,0.3,0.2,0.1,0.2,0.9,2.3
167,Henry,Ellenson,TOR,PF,24,2,0,19,2.5,7,0.357,1,4.5,0.222,1.5,2.5,0.6,0.429,1.5,2,0.75,1.5,4.5,6,2.5,0,0,0,3.5,7.5
168,Wayne,Ellington,DET,SG,33,46,31,22,3.2,7.3,0.441,2.5,6,0.422,0.7,1.4,0.524,0.612,0.6,0.8,0.8,0.3,1.6,1.8,1.5,0.4,0.2,0.7,1.3,9.6
169,Joel,Embiid,PHI,C,26,51,51,31.1,9,17.6,0.513,1.1,3,0.377,7.9,14.6,0.541,0.545,9.2,10.7,0.859,2.2,8.4,10.6,2.8,1,1.4,3.1,2.4,28.5
170,James,Ennis,ORL,SF,30,41,37,24,2.8,5.9,0.473,1.1,2.5,0.433,1.7,3.4,0.504,0.566,1.7,2.1,0.805,1,3,4,1.5,0.8,0.2,0.9,2,8.4
171,Drew,Eubanks,SAS,C,23,54,3,14,2.1,3.8,0.566,0,0,1,2.1,3.8,0.562,0.571,1.4,2,0.726,1.4,3.1,4.5,0.8,0.3,0.9,0.8,1.6,5.8
172,Dante,Exum,CLE,SG,25,6,3,19.3,1.7,4.3,0.385,0.3,1.8,0.182,1.3,2.5,0.533,0.423,0.2,0.3,0.5,0.3,2.5,2.8,2.2,0.7,0.3,1.2,1.5,3.8
173,Tacko,Fall,BOS,C,25,19,0,7.2,1.1,1.5,0.724,0,0,0,1.1,1.5,0.724,0.724,0.3,0.8,0.333,0.8,1.9,2.7,0.2,0.1,1.1,0.3,1.2,2.5
174,Derrick,Favors,UTA,C,29,68,0,15.3,2.3,3.6,0.638,0,0,0,2.3,3.5,0.643,0.638,0.9,1.2,0.738,2,3.5,5.5,0.6,0.5,1,0.5,2.1,5.4
175,Cristiano,Felício,CHI,C,28,18,0,4.7,0.4,0.7,0.538,0,0.1,0,0.4,0.6,0.636,0.538,0.5,0.9,0.563,0.6,0.9,1.4,0.5,0.2,0,0.2,0.6,1.3
176,Terrance,Ferguson,PHI,SG,22,13,0,3.8,0.1,0.5,0.143,0,0.4,0,0.1,0.2,0.5,0.143,0,0,0,0,0.1,0.1,0.2,0.1,0,0.3,0.5,0.2
177,Bruno,Fernando,ATL,C,22,33,0,6.8,0.5,1.3,0.409,0,0.1,0,0.5,1.3,0.429,0.409,0.5,0.7,0.682,0.5,1.9,2.4,0.3,0.1,0.1,0.6,0.7,1.5
178,Yogi,Ferrell,CLE,PG,27,2,0,20,4,10.5,0.381,1.5,4.5,0.333,2.5,6,0.417,0.452,0,1,0,1.5,2,3.5,2.5,1.5,0.5,1.5,2,9.5
179,Yogi,Ferrell,LAC,PG,27,8,0,12,1.5,4.5,0.333,0.8,2.4,0.316,0.8,2.1,0.353,0.417,0.9,0.9,1,0.3,1.3,1.5,2.1,0.5,0.3,0,0.9,4.6
180,Dorian,Finney-Smith,DAL,PF,27,60,60,32,3.7,7.8,0.472,2,5,0.394,1.7,2.7,0.616,0.6,0.5,0.7,0.756,1.6,3.8,5.4,1.7,0.9,0.4,0.8,2.3,9.8
181,Malik,Fitts,LAC,PF,23,3,0,3.7,0.3,1,0.333,0.3,0.7,0.5,0,0.3,0,0.5,0,0,0,0,1,1,0,0,0,0,1,1
182,Malachi,Flynn,TOR,PG,22,47,14,19.7,2.7,7.2,0.374,1.1,3.6,0.321,1.6,3.7,0.424,0.453,1,1.2,0.804,0.2,2.3,2.5,2.9,0.8,0.1,0.9,1.4,7.5
183,Bryn,Forbes,MIL,SG,27,70,10,19.3,3.6,7.6,0.473,2.2,4.9,0.452,1.4,2.7,0.511,0.618,0.7,0.9,0.77,0.2,1.4,1.6,0.6,0.3,0,0.6,1.1,10
184,Trent,Forrest,UTA,PG,22,30,0,10.1,1.1,2.4,0.451,0.2,0.9,0.192,0.9,1.5,0.6,0.486,0.6,0.6,1,0.4,1.1,1.5,1.5,0.3,0.1,0.7,0.7,2.9
185,Evan,Fournier,ORL,SF,28,26,26,30.3,6.5,14.2,0.461,2.8,7.2,0.388,3.7,7,0.536,0.56,3.8,4.7,0.797,0.2,2.7,2.9,3.7,1,0.3,2.1,2.1,19.7
186,Evan,Fournier,BOS,SG,28,16,10,29.5,4.8,10.8,0.448,2.8,5.9,0.463,2.1,4.8,0.429,0.576,0.6,0.9,0.714,0.3,3,3.3,3.1,1.3,0.6,1.2,2.6,13
187,De'Aaron,Fox,SAC,PG,23,58,58,35.1,9.1,19.1,0.477,1.8,5.5,0.322,7.3,13.6,0.539,0.523,5.2,7.2,0.719,0.6,2.9,3.5,7.2,1.5,0.5,3,2.9,25.2
188,Robert,Franks,ORL,PF,24,7,0,14.4,1.9,4,0.464,0.7,2.1,0.333,1.1,1.9,0.615,0.554,1.7,1.9,0.923,0.9,1.1,2,0.7,0.4,0.4,0.3,1.1,6.1
189,Tim,Frazier,MEM,PG,30,5,0,12.4,0.6,4,0.15,0,1.6,0,0.6,2.4,0.25,0.15,0.4,1.2,0.333,0,1.6,1.6,3.2,0.4,0.2,0.8,1.4,1.6
190,Markelle,Fultz,ORL,PG,22,8,8,26.9,5.1,13,0.394,0.5,2,0.25,4.6,11,0.42,0.413,2.1,2.4,0.895,0.6,2.5,3.1,5.4,1,0.3,2.3,2.3,12.9
191,Wenyen,Gabriel,NOP,PF,23,21,0,11.5,1.1,2.9,0.4,0.6,1.5,0.406,0.5,1.3,0.393,0.508,0.5,0.8,0.647,1,1.6,2.6,0.5,0.4,0.4,0.7,1.5,3.4
192,Daniel,Gafford,CHI,PF,22,31,11,12.4,1.9,2.8,0.69,0,0,0,1.9,2.8,0.69,0.69,0.9,1.3,0.659,1.4,1.9,3.3,0.5,0.4,1.1,0.7,1.7,4.7
193,Daniel,Gafford,WAS,C,22,23,0,17.7,4.1,6,0.681,0,0,0,4.1,6,0.681,0.681,2,2.9,0.672,2.2,3.4,5.6,0.5,0.7,1.8,0.8,1.9,10.1
194,Danilo,Gallinari,ATL,PF,32,51,4,24,4,9.3,0.434,2,5,0.406,2,4.3,0.466,0.542,3.2,3.4,0.925,0.3,3.8,4.1,1.5,0.6,0.2,0.8,2.1,13.3
195,Langston,Galloway,PHO,SG,29,40,0,11,1.7,3.7,0.449,0.9,2.1,0.424,0.8,1.6,0.484,0.571,0.6,0.6,0.957,0.2,0.9,1.1,0.7,0.2,0,0.3,0.6,4.8
196,Darius,Garland,CLE,PG,21,54,50,33.1,6.7,14.9,0.451,1.9,4.9,0.395,4.8,9.9,0.479,0.517,2.1,2.4,0.848,0.4,2,2.4,6.1,1.2,0.1,3,2,17.4
197,Marc,Gasol,LAL,C,36,52,42,19.1,1.7,3.7,0.454,1,2.3,0.41,0.7,1.4,0.528,0.582,0.7,1,0.72,0.7,3.4,4.1,2.1,0.5,1.1,1,2.2,5
198,Rudy,Gay,SAS,PF,34,63,1,21.6,4.2,10,0.42,1.7,4.4,0.381,2.5,5.6,0.451,0.505,1.3,1.6,0.804,0.7,4.1,4.8,1.4,0.7,0.6,1,1.8,11.4
199,Paul,George,LAC,SF,30,54,54,33.7,8.2,17.6,0.467,3.2,7.7,0.411,5.1,9.9,0.51,0.557,3.7,4.2,0.868,0.8,5.8,6.6,5.2,1.1,0.4,3.3,2.4,23.3
200,Taj,Gibson,NYK,C,35,45,3,20.8,2.2,3.5,0.627,0.1,0.3,0.2,2.1,3.2,0.671,0.636,0.9,1.2,0.727,2.2,3.4,5.6,0.8,0.7,1.1,0.5,2.2,5.4
201,Harry,Giles,POR,C,22,38,0,9.2,1.1,2.6,0.433,0.2,0.6,0.348,0.9,1.9,0.459,0.474,0.4,0.7,0.593,0.8,2.7,3.5,0.8,0.2,0.3,0.5,1.4,2.8
202,Shai,Gilgeous-Alexander,OKC,SG,22,35,35,33.7,8.2,16.1,0.508,2,4.9,0.418,6.2,11.3,0.547,0.571,5.3,6.5,0.808,0.5,4.2,4.7,5.9,0.8,0.7,3,2,23.7
203,Anthony,Gill,WAS,PF,28,26,4,8.4,1.2,2.3,0.5,0.3,0.9,0.292,0.9,1.4,0.639,0.558,0.5,0.6,0.813,0.6,1.3,2,0.4,0.4,0.2,0.3,1,3.1
204,Freddie,Gillespie,TOR,PF,23,20,2,19.6,2.2,4.2,0.524,0,0,0,2.2,4.2,0.524,0.524,1.2,1.7,0.697,2.1,2.8,4.9,0.5,0.7,1,0.6,2.2,5.6
205,Rudy,Gobert,UTA,C,28,71,71,30.8,5.5,8.2,0.675,0,0.1,0,5.5,8.1,0.68,0.675,3.3,5.3,0.623,3.4,10.1,13.5,1.3,0.6,2.7,1.7,2.3,14.3
206,Brandon,Goodwin,ATL,PG,25,47,5,13.2,1.8,4.7,0.377,0.7,2.2,0.311,1.1,2.6,0.433,0.448,0.6,0.9,0.651,0.2,1.3,1.5,2,0.4,0,0.8,0.9,4.9
207,Aaron,Gordon,ORL,PF,25,25,25,29.4,5.1,11.7,0.437,1.7,4.5,0.375,3.4,7.2,0.475,0.509,2.6,4.2,0.629,1.6,5.1,6.6,4.2,0.6,0.8,2.7,2,14.6
208,Aaron,Gordon,DEN,PF,25,25,25,25.9,4.1,8.2,0.5,0.7,2.6,0.266,3.4,5.7,0.606,0.541,1.2,1.8,0.705,1.5,3.2,4.7,2.2,0.7,0.6,1.2,1.6,10.2
209,Eric,Gordon,HOU,SG,32,27,13,29.2,5.9,13.6,0.433,2.6,7.8,0.329,3.3,5.8,0.573,0.527,3.5,4.2,0.825,0.3,1.9,2.1,2.6,0.5,0.5,1.9,1.6,17.8
210,Devonte',Graham,CHO,PG,25,55,44,30.2,4.6,12.2,0.377,3.3,8.7,0.375,1.3,3.5,0.38,0.51,2.4,2.9,0.842,0.4,2.3,2.7,5.4,0.9,0.1,1.5,1.4,14.8
211,Jerami,Grant,DET,SF,26,54,54,33.9,7.4,17.3,0.429,2.1,6.1,0.35,5.3,11.2,0.473,0.491,5.4,6.4,0.845,0.6,4,4.6,2.8,0.6,1.1,2,2.3,22.3
212,Danny,Green,PHI,SF,33,69,69,28,3.2,7.9,0.412,2.5,6.3,0.405,0.7,1.6,0.438,0.573,0.4,0.6,0.775,0.8,3,3.8,1.7,1.3,0.8,1,1.8,9.5
213,Draymond,Green,GSW,PF,30,63,63,31.5,2.7,6,0.447,0.5,2,0.27,2.2,4,0.535,0.492,1.1,1.4,0.795,0.9,6.3,7.1,8.9,1.7,0.8,3,3.1,7
214,JaMychal,Green,DEN,PF,30,58,5,19.3,3,6.4,0.463,1.4,3.4,0.399,1.6,3,0.534,0.568,0.8,1,0.807,1.5,3.3,4.8,0.9,0.4,0.4,0.9,2.5,8.1
215,Javonte,Green,BOS,SG,27,25,2,13.8,1.6,2.8,0.549,0.3,0.9,0.318,1.3,2,0.653,0.599,0.8,1.2,0.667,0.8,1.3,2.1,0.4,0.7,0.1,0.5,1.3,4.2
216,Javonte,Green,CHI,PG,27,16,0,8,0.9,1.9,0.452,0.2,0.5,0.375,0.7,1.4,0.478,0.5,0.6,0.6,1,0.4,0.8,1.2,0.4,0.6,0.3,0.4,0.8,2.6
217,Jeff,Green,BRK,C,34,68,38,27,3.8,7.8,0.492,1.5,3.7,0.412,2.3,4.1,0.564,0.59,1.8,2.4,0.776,0.5,3.4,3.9,1.6,0.5,0.4,0.8,1.8,11
218,Josh,Green,DAL,SG,20,39,5,11.4,1.1,2.4,0.452,0.1,0.6,0.16,1,1.7,0.559,0.473,0.3,0.6,0.565,0.7,1.3,2,0.7,0.4,0.1,0.4,0.9,2.6
219,Blake,Griffin,DET,PF,31,20,20,31.3,4.1,11.1,0.365,2,6.2,0.315,2.1,4.9,0.429,0.453,2.2,3.1,0.71,0.4,4.9,5.2,3.9,0.7,0.1,1.6,2.1,12.3
220,Blake,Griffin,BRK,PF,31,26,10,21.5,3.6,7.3,0.492,1.2,3.1,0.383,2.4,4.2,0.574,0.574,1.7,2.1,0.782,1.1,3.6,4.7,2.4,0.7,0.5,1.2,2.7,10
221,Kyle,Guy,SAC,PG,23,31,0,7.6,0.9,2.8,0.33,0.4,1.5,0.283,0.5,1.4,0.381,0.403,0.5,0.6,0.8,0.2,1,1.1,1,0.2,0,0.4,0.6,2.8
222,Rui,Hachimura,WAS,PF,22,57,57,31.5,5.4,11.4,0.478,0.8,2.4,0.328,4.6,9,0.519,0.513,2.2,2.8,0.77,0.9,4.6,5.5,1.4,0.8,0.1,1.2,2.1,13.8
223,Ashton,Hagans,MIN,PG,21,2,0,2,0,0,0,0,0,0,0,0,0,0,0,0,0,0,0,0,0,0,0,0.5,0,0
224,Tyrese,Haliburton,SAC,PG,20,58,20,30.1,5,10.7,0.472,2.1,5.1,0.409,2.9,5.6,0.529,0.569,0.8,1,0.857,0.7,2.3,3,5.3,1.3,0.5,1.6,1.4,13
225,Donta,Hall,ORL,PF,23,13,0,13.8,1.9,2.7,0.714,0,0,0,1.9,2.7,0.714,0.714,1.8,2.6,0.676,1.8,2.9,4.8,0.8,0.4,0.8,0.6,1.4,5.6
226,Josh,Hall,OKC,SF,20,21,1,16,1.4,4.7,0.303,0.2,1.8,0.108,1.2,3,0.419,0.323,1,2.1,0.5,0.3,2.5,2.8,1.3,0.2,0,1.2,1.8,4.1
227,R.J.,Hampton,DEN,PG,19,25,0,9.3,1,2.4,0.417,0.2,0.7,0.278,0.8,1.7,0.476,0.458,0.4,0.5,0.75,0.4,1.6,2,0.6,0.2,0.1,0.4,0.9,2.6
228,R.J.,Hampton,ORL,SG,19,26,1,25.2,4.3,9.7,0.439,0.8,2.7,0.319,3.4,7.1,0.484,0.482,1.8,2.7,0.657,0.7,4.2,5,2.8,0.6,0.3,1.6,1.5,11.2
229,Tim,Hardaway Jr.,DAL,SG,28,70,31,28.4,5.8,13,0.447,3,7.6,0.391,2.9,5.5,0.524,0.56,2,2.5,0.816,0.3,3,3.3,1.8,0.4,0.2,0.9,1.6,16.6
230,James,Harden,HOU,SG,31,8,8,36.3,7.5,16.9,0.444,3.1,9,0.347,4.4,7.9,0.556,0.537,6.6,7.5,0.883,0.6,4.5,5.1,10.4,0.9,0.8,4.3,1.8,24.8
231,James,Harden,BRK,PG,31,36,35,36.6,7.8,16.6,0.471,2.7,7.3,0.366,5.2,9.4,0.552,0.551,6.3,7.3,0.856,0.8,7.7,8.5,10.9,1.3,0.8,4,2.4,24.6
232,Maurice,Harkless,MIA,SF,27,11,3,11.3,0.5,1.2,0.385,0.5,1,0.455,0,0.2,0,0.577,0,0.2,0,0.2,1,1.2,0.6,0.2,0.4,0.3,1.3,1.4
233,Maurice,Harkless,SAC,PF,27,26,20,24.9,2.5,5.8,0.421,0.7,2.8,0.247,1.8,3,0.582,0.48,1.3,1.6,0.805,0.4,2.5,2.9,1.4,1.1,0.6,0.7,2.8,6.9
234,Jared,Harper,NYK,PG,23,8,0,2,0,0.5,0,0,0.1,0,0,0.4,0,0,0.4,0.5,0.75,0,0.3,0.3,0.1,0,0,0.4,0.1,0.4
235,Montrezl,Harrell,LAL,C,27,69,1,22.9,5.4,8.7,0.622,0,0.1,0,5.4,8.6,0.632,0.622,2.6,3.7,0.707,2.3,3.9,6.2,1.1,0.7,0.7,1.1,1.9,13.5
236,Gary,Harris,DEN,SG,26,19,19,30.6,3.6,8.2,0.442,1.3,3.9,0.32,2.4,4.3,0.556,0.519,1.2,1.6,0.733,0.7,1.8,2.5,1.7,0.9,0.2,0.7,1.9,9.7
237,Gary,Harris,ORL,SG,26,20,19,25,3.5,9.5,0.365,1.2,3.3,0.364,2.3,6.2,0.366,0.429,2.1,2.4,0.875,0.4,1.2,1.6,2.3,0.6,0.4,1.2,1.7,10.2
238,Jalen,Harris,TOR,SG,22,13,2,13.2,2.8,5.5,0.5,1.3,2.8,0.472,1.5,2.8,0.528,0.618,0.5,0.7,0.778,0.2,1.2,1.4,1.3,0.6,0,1.1,1.2,7.4
239,Joe,Harris,BRK,SF,29,69,65,31,5.2,10.2,0.505,3.1,6.4,0.475,2.1,3.8,0.555,0.654,0.7,0.9,0.778,0.6,3,3.6,1.9,0.7,0.2,0.9,2,14.1
240,Tobias,Harris,PHI,PF,28,62,62,32.5,7.6,14.9,0.512,1.3,3.4,0.394,6.3,11.5,0.546,0.556,2.9,3.3,0.892,1,5.8,6.8,3.5,0.9,0.8,1.7,1.9,19.5
241,Shaquille,Harrison,UTA,SG,27,17,0,3.3,0.4,1.2,0.3,0,0.1,0,0.4,1.1,0.333,0.3,0.3,0.4,0.833,0.2,0.4,0.5,0.5,0.1,0,0.3,0.2,1
242,Shaquille,Harrison,DEN,SG,27,17,0,16.3,1.2,3.4,0.345,0.2,0.8,0.214,1,2.6,0.386,0.371,0.8,0.9,0.813,0.2,2.1,2.3,0.9,0.9,0.3,0.4,1.8,3.3
243,Josh,Hart,NOP,SF,25,47,4,28.7,3.2,7.3,0.439,1.3,4.1,0.326,1.9,3.2,0.583,0.531,1.5,1.9,0.775,1.1,6.9,8,2.3,0.8,0.3,1,2.4,9.2
244,Isaiah,Hartenstein,DEN,C,22,30,0,9.1,1.4,2.7,0.513,0,0,0,1.4,2.7,0.513,0.513,0.7,1.2,0.611,1.3,1.5,2.8,0.5,0.4,0.7,0.7,2,3.5
245,Isaiah,Hartenstein,CLE,C,22,16,2,17.9,3.3,5.7,0.582,0.1,0.4,0.333,3.2,5.3,0.6,0.593,1.5,2.2,0.686,1.6,4.4,6,2.5,0.5,1.2,1.4,2.8,8.3
246,Udonis,Haslem,MIA,C,40,1,0,3,2,2,1,0,0,0,2,2,1,1,0,0,0,0,1,1,0,0,0,0,0,4
247,Jaxson,Hayes,NOP,C,20,60,3,16.1,2.9,4.7,0.625,0.1,0.2,0.429,2.8,4.4,0.635,0.636,1.6,2,0.775,1.5,2.8,4.3,0.6,0.4,0.6,0.7,1.7,7.5
248,Killian,Hayes,DET,PG,19,26,18,25.8,2.7,7.7,0.353,0.8,2.8,0.278,2,5,0.395,0.403,0.5,0.7,0.824,0.2,2.4,2.7,5.3,1,0.4,3.2,2.2,6.8
249,Gordon,Hayward,CHO,SF,30,44,44,34,7.1,15,0.473,1.9,4.7,0.415,5.1,10.3,0.499,0.537,3.5,4.2,0.843,0.8,5,5.9,4.1,1.2,0.3,2.1,1.7,19.6
250,Juan,Hernangómez,MIN,PF,25,52,6,17.3,2.5,5.8,0.435,1.1,3.2,0.327,1.4,2.5,0.573,0.527,1.2,1.9,0.619,0.9,3.1,3.9,0.7,0.4,0.1,0.5,1,7.2
251,Willy,Hernangómez,NOP,C,26,47,12,18,3.2,5.7,0.563,0,0.2,0.1,3.2,5.5,0.581,0.565,1.3,2,0.667,2.5,4.6,7.1,1.1,0.5,0.5,0.7,1.4,7.8
252,Tyler,Herro,MIA,SG,21,54,15,30.3,5.7,12.9,0.439,2,5.5,0.36,3.7,7.4,0.498,0.516,1.7,2.2,0.803,0.5,4.5,5,3.4,0.6,0.3,1.9,1.3,15.1
253,Buddy,Hield,SAC,SG,28,71,71,34.3,5.7,14,0.406,4,10.2,0.391,1.7,3.8,0.446,0.548,1.2,1.5,0.846,0.4,4.3,4.7,3.6,0.9,0.4,1.8,2.5,16.6
254,George,Hill,OKC,PG,34,14,14,26.4,4.4,8.6,0.508,1.6,4.1,0.386,2.8,4.5,0.619,0.6,1.5,1.8,0.84,0.6,1.5,2.1,3.1,0.9,0.1,0.9,0.9,11.8
255,George,Hill,PHI,PG,34,16,3,18.9,2.1,4.8,0.442,0.6,1.4,0.391,1.6,3.4,0.463,0.5,1.2,1.6,0.76,0.5,1.5,2,1.9,0.7,0.2,1.2,1.2,6
256,Solomon,Hill,ATL,PF,29,71,16,21.3,1.5,4.2,0.359,1,3,0.321,0.5,1.2,0.453,0.473,0.5,0.6,0.761,0.6,2.4,3,1.1,0.7,0.2,0.6,1.6,4.5
257,Nate,Hinton,DAL,SG,21,21,0,4.4,0.7,2,0.357,0.2,0.9,0.211,0.5,1.1,0.478,0.405,0.3,0.5,0.7,0,0.4,0.4,0.4,0.3,0.1,0.2,0.4,2
258,Jaylen,Hoard,OKC,SF,21,19,0,16.8,2.3,4.6,0.5,0,0.6,0,2.3,4.1,0.571,0.5,1.5,2.2,0.683,1.1,2.3,3.4,1.3,0.7,0.3,0.9,1,6.1
259,Aaron,Holiday,IND,PG,24,66,8,17.8,2.6,6.6,0.39,1,2.8,0.368,1.6,3.8,0.406,0.467,1,1.3,0.819,0.2,1.1,1.3,1.9,0.7,0.2,1,1.4,7.2
260,Jrue,Holiday,MIL,PG,30,59,56,32.3,7,13.9,0.503,1.9,4.8,0.392,5.1,9.2,0.561,0.57,1.8,2.3,0.787,1.2,3.3,4.5,6.1,1.6,0.6,2.2,1.7,17.7
261,Justin,Holiday,IND,SG,31,72,52,30.3,3.6,8.7,0.413,2.4,6.3,0.382,1.2,2.4,0.494,0.551,0.9,1.2,0.788,0.4,3.1,3.6,1.7,1,0.6,0.8,1.9,10.5
262,Rondae,Hollis-Jefferson,POR,PF,26,11,1,9.7,0.8,1.6,0.5,0,0.1,0,0.8,1.5,0.529,0.5,0.8,1.5,0.563,1,1.4,2.4,1.2,0.2,0.4,0.2,1.4,2.5
263,Richaun,Holmes,SAC,C,27,61,61,29.2,6,9.4,0.637,0,0.2,0.182,6,9.2,0.645,0.638,2.2,2.8,0.794,2.4,5.9,8.3,1.7,0.6,1.6,1.2,3.5,14.2
264,Rodney,Hood,POR,SF,28,38,5,19.1,1.9,5.3,0.363,0.7,2.2,0.298,1.3,3.1,0.41,0.425,0.2,0.3,0.75,0.5,1.4,1.9,1.2,0.5,0.1,0.8,1.6,4.7
265,Rodney,Hood,TOR,SF,28,17,0,12.7,1.2,3.5,0.356,0.5,1.7,0.31,0.7,1.8,0.4,0.432,0.9,0.9,0.938,0.3,1.5,1.8,0.4,0.2,0.2,0.3,0.9,3.9
266,Al,Horford,OKC,C,34,28,28,27.9,5.8,12.9,0.45,2,5.4,0.368,3.8,7.4,0.51,0.528,0.6,0.8,0.818,1,5.7,6.7,3.4,0.9,0.9,1,1.7,14.2
267,Talen,Horton-Tucker,LAL,SG,20,65,4,20.1,3.4,7.5,0.458,0.6,2,0.282,2.9,5.5,0.522,0.496,1.5,2,0.775,0.4,2.2,2.6,2.8,1,0.3,1.6,2,9
268,Danuel,House,HOU,SF,27,36,23,25.9,3.1,7.6,0.404,1.5,4.3,0.346,1.6,3.2,0.483,0.504,1.1,1.8,0.651,0.5,3.2,3.7,1.9,0.6,0.4,1,1.9,8.8
269,Dwight,Howard,PHI,C,35,69,6,17.3,2.6,4.4,0.587,0.1,0.3,0.25,2.5,4.1,0.611,0.596,1.8,3,0.576,2.8,5.7,8.4,0.9,0.4,0.9,1.6,2.9,7
270,Markus,Howard,DEN,SG,21,37,1,5.5,1.1,2.9,0.377,0.5,1.8,0.277,0.6,1.1,0.537,0.462,0.2,0.2,0.778,0,0.5,0.6,0.5,0.1,0,0.5,0.6,2.8
271,Kevin,Huerter,ATL,SG,22,69,49,30.8,4.6,10.6,0.432,2,5.6,0.363,2.6,5,0.51,0.528,0.7,0.9,0.781,0.6,2.8,3.3,3.5,1.2,0.3,1.1,2.4,11.9
272,Elijah,Hughes,UTA,SF,22,18,0,3.6,0.6,1.7,0.333,0.4,1.3,0.348,0.1,0.4,0.286,0.467,0.2,0.2,0.75,0.1,0.4,0.5,0.3,0.1,0.1,0.3,0.1,1.7
273,De'Andre,Hunter,ATL,SF,23,23,19,29.5,5.2,10.8,0.484,1.3,4.1,0.326,3.9,6.7,0.582,0.546,3.2,3.7,0.859,0.7,4,4.8,1.9,0.8,0.5,1.3,2.6,15
274,Chandler,Hutchison,CHI,SF,24,7,0,9.1,0.7,2.6,0.278,0.1,0.4,0.333,0.6,2.1,0.267,0.306,0.3,0.3,1,0.1,2.7,2.9,0.6,0.1,0,0.7,1.3,1.9
275,Chandler,Hutchison,WAS,SF,24,18,1,15.7,1.9,4.7,0.4,0.4,1.1,0.368,1.5,3.7,0.409,0.441,1.1,1.3,0.826,0.3,2.9,3.2,0.7,0.6,0.3,0.8,1.3,5.2
276,Serge,Ibaka,LAC,C,31,41,39,23.3,4.5,8.9,0.51,1,2.8,0.339,3.6,6.1,0.588,0.563,1,1.3,0.811,1.8,4.9,6.7,1.8,0.2,1.1,1.1,1.9,11.1
277,Andre,Iguodala,MIA,SF,37,63,5,21.3,1.5,3.9,0.383,1,2.9,0.33,0.6,1,0.53,0.504,0.4,0.6,0.658,0.6,2.9,3.5,2.3,0.9,0.6,1.1,1.4,4.4
278,Ersan,İlyasova,UTA,PF,33,17,1,8.7,1.2,3.2,0.389,1.1,2.4,0.439,0.2,0.8,0.231,0.556,0.3,0.3,1,0.4,1.3,1.7,0.2,0.6,0.2,0.5,1.7,3.8
279,Joe,Ingles,UTA,SF,33,67,30,27.9,4.1,8.4,0.489,2.7,6.1,0.451,1.4,2.3,0.59,0.652,1.1,1.3,0.844,0.4,3.2,3.6,4.7,0.7,0.2,1.7,1.8,12.1
280,Brandon,Ingram,NOP,SF,23,61,61,34.3,8.4,18,0.466,2.3,6.1,0.381,6.1,11.9,0.51,0.531,4.6,5.2,0.878,0.6,4.3,4.9,4.9,0.7,0.6,2.5,2,23.8
281,Kyrie,Irving,BRK,PG,28,54,54,34.9,10.2,20.1,0.506,2.8,7,0.402,7.4,13.1,0.561,0.576,3.7,4,0.922,1,3.8,4.8,6,1.4,0.7,2.4,2.6,26.9
282,Wesley,Iwundu,DAL,SF,26,23,3,12.5,0.7,2.3,0.327,0.1,1,0.13,0.6,1.3,0.483,0.356,0.5,0.6,0.857,0.3,1.7,1.9,0.4,0.4,0.1,0.3,1.1,2.1
283,Wesley,Iwundu,NOP,SF,26,18,1,13.9,0.9,2.8,0.34,0.1,1,0.111,0.8,1.8,0.469,0.36,0.8,0.9,0.824,0.5,2.1,2.6,0.4,0.3,0.1,0.7,1.3,2.8
284,Frank,Jackson,DET,PG,22,40,6,18.5,3.4,7.3,0.457,1.5,3.8,0.407,1.8,3.6,0.51,0.561,1.5,1.9,0.813,0.4,1.8,2.2,0.9,0.4,0,0.9,1.3,9.8
285,Jaren,Jackson Jr.,MEM,C,21,11,4,23.5,4.8,11.4,0.424,1.5,5.5,0.283,3.3,5.9,0.554,0.492,3.2,3.8,0.833,1.5,4.1,5.6,1.1,1.1,1.6,1.4,3.8,14.4
286,Josh,Jackson,DET,SG,23,62,25,25.2,4.8,11.4,0.419,1.2,4.1,0.3,3.5,7.3,0.487,0.473,2.6,3.5,0.729,0.9,3.2,4.1,2.3,0.9,0.8,2.3,2.9,13.4
287,Justin,Jackson,OKC,SF,25,33,3,16.5,2.6,6.4,0.406,1,3.4,0.306,1.6,3.1,0.515,0.486,0.9,1.1,0.857,0.4,1.7,2.2,1.5,0.5,0.1,0.9,0.9,7.2
288,Justin,Jackson,MIL,SF,25,1,0,33,3,9,0.333,2,6,0.333,1,3,0.333,0.444,1,2,0.5,2,4,6,1,0,0,1,1,9
289,Reggie,Jackson,LAC,SG,30,67,43,23,3.9,8.7,0.45,1.8,4.2,0.433,2.1,4.5,0.465,0.554,1,1.2,0.817,0.4,2.5,2.9,3.1,0.6,0.1,1.1,1.9,10.7
290,Justin,James,SAC,SF,24,36,0,8.6,1.4,3.1,0.468,0.4,1.1,0.368,1.1,2,0.521,0.532,0.6,1,0.583,0.3,0.6,0.8,0.6,0.2,0.1,0.4,0.6,3.9
291,LeBron,James,LAL,PG,36,45,45,33.4,9.4,18.3,0.513,2.3,6.3,0.365,7.1,12,0.591,0.576,4,5.7,0.698,0.6,7,7.7,7.8,1.1,0.6,3.7,1.6,25
292,Mike,James,BRK,PG,30,13,1,18.2,2.6,7.1,0.37,0.8,2.4,0.355,1.8,4.7,0.377,0.429,1.6,2.1,0.778,0.2,2.2,2.5,4.2,0.5,0.1,1.5,0.8,7.7
293,DaQuan,Jeffries,SAC,SG,23,18,2,12.9,1.3,3.2,0.421,0.5,1.6,0.321,0.8,1.6,0.517,0.5,0.3,0.4,0.857,0.5,1.1,1.6,0.3,0.4,0.2,0.4,1.3,3.5
294,DaQuan,Jeffries,HOU,SG,23,13,3,20.1,2,4.8,0.413,0.8,3,0.282,1.2,1.8,0.625,0.5,0.1,0.1,1,0.8,2.5,3.2,1.2,0.6,0.5,0.5,1.9,4.9
295,Ty,Jerome,OKC,SG,23,33,1,23.9,3.9,8.7,0.446,2.2,5.1,0.423,1.7,3.6,0.479,0.57,0.8,1,0.765,0.3,2.5,2.8,3.6,0.6,0.2,1.4,1.8,10.7
296,Isaiah,Joe,PHI,SG,21,41,1,9.3,1.2,3.2,0.361,1,2.6,0.368,0.2,0.7,0.333,0.508,0.4,0.6,0.75,0.1,0.7,0.9,0.5,0.3,0.1,0.3,0.8,3.7
297,Alize,Johnson,BRK,PF,24,18,0,10.5,2.2,3.8,0.588,0.1,0.3,0.167,2.2,3.4,0.629,0.596,0.7,0.7,1,1.5,3.5,5,0.8,0.3,0.3,0.5,0.9,5.2
298,Cameron,Johnson,PHO,PF,24,60,11,24,3.4,8.1,0.42,2,5.6,0.349,1.4,2.5,0.581,0.541,0.8,1,0.847,0.6,2.8,3.3,1.4,0.6,0.3,0.7,1.4,9.6
299,James,Johnson,DAL,PF,33,29,1,17.4,2.3,5,0.462,0.5,2.1,0.25,1.8,2.9,0.612,0.514,0.6,1,0.586,0.5,2.5,3,1.7,0.8,0.8,0.9,2,5.7
300,James,Johnson,NOP,PF,33,22,11,24.5,3.6,8.3,0.434,0.7,2.7,0.267,2.9,5.5,0.516,0.478,1.3,2.1,0.596,0.8,3.3,4.1,2.2,0.8,0.9,1.3,2.8,9.2
301,Keldon,Johnson,SAS,SF,21,69,67,28.5,4.9,10.2,0.479,0.9,2.6,0.331,4,7.6,0.531,0.522,2.1,2.8,0.74,1.3,4.6,6,1.8,0.6,0.3,1.1,2.1,12.8
302,Stanley,Johnson,TOR,PF,24,61,13,16.5,1.5,3.8,0.382,0.7,2.2,0.328,0.7,1.6,0.458,0.479,0.7,0.9,0.8,0.5,2,2.5,1.5,0.9,0.3,0.9,1.9,4.4
303,Tyler,Johnson,BRK,SG,28,39,3,17.5,1.8,4.7,0.393,1.2,3.4,0.364,0.6,1.3,0.471,0.525,0.5,0.5,0.857,0.2,1.8,2,1.2,0.4,0,0.4,1.1,5.4
304,Nikola,Jokić,DEN,C,25,72,72,34.6,10.2,18,0.566,1.3,3.3,0.388,8.9,14.7,0.606,0.602,4.8,5.5,0.868,2.8,8,10.8,8.3,1.3,0.7,3.1,2.7,26.4
305,Damian,Jones,PHO,C,25,14,0,6.7,0.6,1.1,0.5,0,0.1,0,0.6,1.1,0.533,0.5,0.4,0.8,0.545,0.5,0.8,1.3,0.3,0.1,0.4,0.4,1.4,1.6
306,Damian,Jones,LAL,C,25,8,6,14,2,2.1,0.941,0,0,0,2,2.1,0.941,0.941,1.4,1.5,0.917,1,2.3,3.3,0.1,0.1,0.9,0.6,2.8,5.4
307,Damian,Jones,SAC,C,25,17,4,20.1,2.7,4.1,0.657,0.1,0.2,0.25,2.6,3.9,0.682,0.664,1.5,2.1,0.714,1.2,3.3,4.5,1.4,0.5,1,0.9,2.1,6.9
308,Derrick,Jones Jr.,POR,SF,23,58,43,22.7,2.5,5.2,0.484,0.7,2.3,0.316,1.8,2.9,0.619,0.554,1,1.6,0.648,1.3,2.2,3.5,0.8,0.6,0.9,0.6,2.2,6.8
309,Mason,Jones,HOU,SG,22,26,1,11.8,1.8,4.4,0.412,0.9,2.5,0.359,0.9,1.9,0.48,0.513,1.3,2.2,0.614,0.2,1.8,2,1.5,0.2,0,1.1,0.8,5.8
310,Mason,Jones,PHI,SG,22,6,0,4.5,0.8,1.5,0.556,0.2,0.3,0.5,0.7,1.2,0.571,0.611,0.8,1.2,0.714,0.5,0.2,0.7,0.5,0.2,0,0.2,0.3,2.7
311,Tre,Jones,SAS,PG,21,37,1,7.3,1,2.1,0.474,0.1,0.1,0.6,0.9,2,0.466,0.494,0.5,0.5,0.895,0.2,0.4,0.6,1.1,0.2,0,0.4,0.4,2.5
312,Tyus,Jones,MEM,PG,24,70,9,17.5,2.5,5.9,0.431,0.6,2,0.321,1.9,3.9,0.487,0.485,0.6,0.6,0.911,0.3,1.7,2,3.7,0.9,0.1,0.7,0.4,6.3
313,DeAndre,Jordan,BRK,C,32,57,43,21.9,3.3,4.4,0.763,0,0,0,3.3,4.4,0.766,0.763,0.8,1.6,0.5,2.1,5.4,7.5,1.6,0.3,1.1,1.5,2,7.5
314,Cory,Joseph,SAC,PG,29,44,2,21.5,2.5,5.7,0.444,0.7,2.1,0.33,1.8,3.5,0.513,0.506,0.8,1.1,0.766,0.6,1.7,2.3,2.5,0.9,0.2,1,2.2,6.6
315,Cory,Joseph,DET,PG,29,19,11,26.4,4.7,9.3,0.506,0.7,2,0.368,3.9,7.3,0.543,0.545,1.9,2.2,0.878,0.5,2.6,3.2,5.5,1.2,0.5,1.8,2.2,12
316,Mfiondu,Kabengele,LAC,PF,23,23,0,4.1,0.4,1.4,0.281,0.2,0.8,0.222,0.2,0.6,0.357,0.344,0.2,0.3,0.833,0,0.6,0.6,0.2,0.1,0.1,0.3,0.8,1.2
317,Mfiondu,Kabengele,CLE,PF,23,16,0,11.6,1.5,3.6,0.421,0.6,2,0.281,0.9,1.6,0.6,0.5,0.7,0.9,0.786,0.7,2.2,2.9,0.8,0.4,0.6,0.6,1.1,4.3
318,Frank,Kaminsky,PHO,C,27,47,13,15.2,2.6,5.5,0.471,0.7,1.8,0.365,1.9,3.7,0.523,0.531,0.8,1.3,0.617,0.8,3.2,4,1.7,0.3,0.4,0.5,1.5,6.6
319,Enes,Kanter,POR,C,28,72,35,24.4,4.7,7.8,0.604,0,0.1,0.25,4.7,7.7,0.607,0.605,1.8,2.3,0.774,3.9,7.1,11,1.2,0.5,0.7,1.1,2.3,11.2
320,Luke,Kennard,LAC,SG,24,63,17,19.6,3.1,6.6,0.476,1.6,3.6,0.446,1.5,3,0.511,0.597,0.4,0.5,0.839,0.2,2.3,2.6,1.7,0.4,0.1,0.8,1.4,8.3
321,Louis,King,SAC,SF,21,6,1,14.2,2.8,5.7,0.5,0.7,1.8,0.364,2.2,3.8,0.565,0.559,1,1,1,0.8,2.2,3,1.5,1.2,0.5,0.7,1.5,7.3
322,Maxi,Kleber,DAL,PF,29,50,40,26.8,2.3,5.5,0.422,1.7,4.2,0.41,0.6,1.3,0.46,0.58,0.7,0.7,0.919,0.9,4.3,5.2,1.4,0.5,0.7,0.6,2.1,7.1
323,Nathan,Knight,ATL,PF,23,33,0,8.5,1.1,3,0.37,0.2,1,0.182,0.9,2,0.463,0.4,1.3,1.7,0.8,0.8,1.4,2.2,0.2,0.3,0.3,0.5,0.7,3.8
324,Kevin,Knox,NYK,SF,21,42,0,11,1.3,3.4,0.392,0.8,2.1,0.393,0.5,1.3,0.389,0.514,0.4,0.5,0.8,0.2,1.2,1.5,0.5,0.3,0.1,0.4,0.9,3.9
325,John,Konchar,MEM,SG,24,43,0,13.4,1.6,3.2,0.5,0.5,1.3,0.375,1.1,1.9,0.585,0.576,0.6,0.7,0.833,0.8,2.2,3,1.1,0.7,0.2,0.4,0.9,4.3
326,Furkan,Korkmaz,PHI,SG,23,55,11,19.3,3.1,7.7,0.401,1.8,4.9,0.375,1.3,2.8,0.445,0.52,1.1,1.5,0.732,0.3,1.7,2.1,1.5,0.9,0.2,0.8,1.2,9.1
327,Luke,Kornet,CHI,PF,25,13,0,7.2,0.7,2.1,0.333,0.5,1.8,0.261,0.2,0.3,0.75,0.444,0.2,0.3,0.5,0.1,1.1,1.2,0.3,0.2,0.5,0.1,0.1,2
328,Luke,Kornet,BOS,C,25,18,2,14.1,1.9,4.1,0.473,0.5,2,0.25,1.4,2.1,0.684,0.534,0.1,0.1,0.5,0.7,2.2,2.9,1.1,0.1,1.4,0.3,1.1,4.4
329,Rodions,Kurucs,BRK,PF,22,5,0,3.2,0.2,0.6,0.333,0.2,0.4,0.5,0,0.2,0,0.5,0,0,0,0,0.6,0.6,0.4,0,0,0,0.2,0.6
330,Rodions,Kurucs,HOU,SF,22,11,0,6.8,0.5,1.9,0.238,0.2,1.4,0.133,0.3,0.5,0.5,0.286,0.1,0.2,0.5,0.2,0.8,1,0.4,0.5,0.4,0.8,0.6,1.2
331,Rodions,Kurucs,MIL,SF,22,5,0,6.8,1,1.6,0.625,0.6,0.8,0.75,0.4,0.8,0.5,0.813,0.4,0.4,1,0.6,1.2,1.8,0.8,0.6,0,0.8,1.6,3
332,Kyle,Kuzma,LAL,SF,25,68,32,28.7,4.9,11.1,0.443,2,5.6,0.361,2.9,5.5,0.525,0.533,1,1.4,0.691,1.6,4.5,6.1,1.9,0.5,0.6,1.7,1.8,12.9
333,Anthony,Lamb,HOU,SF,23,24,3,17.3,1.9,4.9,0.39,1,3,0.324,1,2,0.489,0.487,0.8,0.9,0.857,1.1,1.8,2.9,1,0.3,0.2,0.8,1.4,5.5
334,Jeremy,Lamb,IND,SG,28,36,8,21.3,3.3,7.7,0.435,1.4,3.6,0.406,1.9,4.1,0.459,0.529,2,2.1,0.947,0.7,2.9,3.6,1.5,0.9,0.6,0.6,2,10.1
335,Romeo,Langford,BOS,SG,21,18,4,15.7,1.2,3.3,0.356,0.3,1,0.278,0.9,2.3,0.39,0.398,0.5,0.7,0.75,0.7,1.3,1.9,0.7,0.3,0.3,0.6,1.3,3.1
336,Zach,LaVine,CHI,SG,25,58,58,35.1,9.8,19.4,0.507,3.4,8.2,0.419,6.4,11.1,0.571,0.596,4.4,5.1,0.849,0.6,4.4,5,4.9,0.8,0.5,3.5,2.4,27.4
337,Jake,Layman,MIN,SF,26,45,11,13.9,2,4.1,0.495,0.5,1.7,0.295,1.5,2.4,0.642,0.557,0.6,0.8,0.703,0.3,1.2,1.5,0.6,0.6,0.4,0.6,1,5.1
338,T.J.,Leaf,POR,PF,23,7,0,5,0.7,1.4,0.5,0,0,0,0.7,1.4,0.5,0.5,0.3,0.3,1,0,0.7,0.7,0.1,0.3,0.1,0.3,0.1,1.7
339,Jalen,Lecque,IND,PG,20,4,0,3,0.3,2.3,0.111,0,0.3,0,0.3,2,0.125,0.111,0.8,0.8,1,0.5,0.8,1.3,0.5,0,0,0,0,1.3
340,Damion,Lee,GSW,SG,28,57,1,18.9,2.2,4.8,0.467,1.4,3.4,0.397,0.9,1.4,0.638,0.608,0.7,0.8,0.909,0.4,2.8,3.2,1.3,0.7,0.1,0.5,1.6,6.5
341,Saben,Lee,DET,PG,21,48,7,16.3,2.1,4.4,0.471,0.2,0.5,0.348,1.9,3.9,0.487,0.49,1.3,1.9,0.685,0.4,1.6,2,3.6,0.7,0.3,1.1,1.6,5.6
342,Alex,Len,TOR,C,27,7,2,10.9,0.7,1.4,0.5,0.4,0.9,0.5,0.3,0.6,0.5,0.65,0.4,0.9,0.5,0,1.6,1.6,0.4,0.1,0.9,1.1,1.4,2.3
343,Alex,Len,WAS,C,27,57,40,15.8,2.9,4.7,0.619,0.1,0.3,0.263,2.8,4.4,0.647,0.629,1.2,1.9,0.636,1.4,3,4.4,0.8,0.3,1,0.8,2.1,7.1
344,Kawhi,Leonard,LAC,SF,29,52,52,34.1,8.9,17.5,0.512,1.9,4.9,0.398,7,12.6,0.557,0.568,5,5.7,0.885,1.1,5.4,6.5,5.2,1.6,0.4,2,1.6,24.8
345,Meyers,Leonard,MIA,C,28,3,2,9.7,1,2.3,0.429,1,2.3,0.429,0,0,0,0.643,0.3,0.7,0.5,0,2.3,2.3,0.7,0,0,0.7,1.7,3.3
346,Caris,LeVert,BRK,SG,26,12,4,27.8,7.3,16.7,0.435,1.8,5.3,0.349,5.4,11.4,0.474,0.49,2.2,2.8,0.765,0.8,3.5,4.3,6,1.1,0.5,2.2,1.7,18.5
347,Caris,LeVert,IND,SG,26,35,35,32.9,7.8,17.5,0.443,1.8,5.6,0.318,6,12,0.501,0.493,3.4,4.2,0.822,0.7,4,4.6,4.9,1.5,0.7,2.2,2.4,20.7
348,Kira,Lewis Jr.,NOP,PG,19,54,0,16.7,2.4,6.2,0.386,0.7,2.2,0.333,1.7,4,0.415,0.445,0.8,0.9,0.843,0.2,1.1,1.3,2.3,0.7,0.2,0.6,1.6,6.4
349,Damian,Lillard,POR,PG,30,67,67,35.8,9,19.9,0.451,4.1,10.5,0.391,4.9,9.4,0.519,0.554,6.7,7.2,0.928,0.5,3.7,4.2,7.5,0.9,0.3,3,1.5,28.8
350,Nassir,Little,POR,PF,20,48,2,13.3,1.6,3.5,0.467,0.6,1.7,0.35,1,1.8,0.575,0.551,0.8,0.9,0.8,0.7,2,2.7,0.5,0.1,0.3,0.4,1.1,4.6
351,Kevon,Looney,GSW,C,24,61,34,19,1.8,3.2,0.548,0.1,0.3,0.235,1.7,3,0.578,0.558,0.5,0.8,0.646,1.9,3.4,5.3,2,0.3,0.4,0.6,2.2,4.1
352,Brook,Lopez,MIL,C,32,70,70,27.2,4.6,9.1,0.503,1.4,4,0.338,3.2,5.1,0.632,0.577,1.7,2,0.845,1.5,3.5,5,0.7,0.6,1.5,0.9,2.1,12.3
353,Robin,Lopez,WAS,C,32,71,9,19.1,3.8,6,0.633,0.1,0.3,0.278,3.7,5.7,0.649,0.639,1.4,1.9,0.723,2,1.8,3.8,0.8,0.2,0.6,1.1,1.5,9
354,Didi,Louzada,NOP,SF,21,3,0,18.7,1,4.3,0.231,0.7,2.7,0.25,0.3,1.7,0.2,0.308,0,0,0,0.3,0.7,1,1,0.7,0,1,1.7,2.7
355,Kevin,Love,CLE,PF,32,25,25,24.9,4.1,10.1,0.409,2.3,6.2,0.365,1.8,3.8,0.479,0.522,1.7,2,0.824,0.7,6.8,7.4,2.5,0.6,0.1,1.5,1,12.2
356,Kyle,Lowry,TOR,PG,34,46,46,34.8,5.7,13,0.436,2.8,7.2,0.396,2.8,5.8,0.487,0.546,3,3.5,0.875,0.8,4.6,5.4,7.3,1,0.3,2.7,3.1,17.2
357,Timothé,Luwawu-Cabarrot,BRK,SF,25,58,7,18.1,2.2,6.1,0.365,1.3,4.1,0.314,0.9,2,0.47,0.471,0.6,0.7,0.814,0.5,1.7,2.2,1.2,0.6,0.1,0.7,1.7,6.4
358,Trey,Lyles,SAS,PF,25,23,9,15.6,1.9,3.9,0.478,0.6,1.7,0.35,1.3,2.2,0.58,0.556,0.7,1,0.652,0.4,3.3,3.7,0.6,0.3,0,0.3,0.6,5
359,Will,Magnay,NOP,C,22,1,0,3,0,1,0,0,1,0,0,0,0,0,0,0,0,0,0,0,0,0,0,1,1,0
360,Thon,Maker,CLE,C,23,8,0,9.5,1.3,2.3,0.556,0,0.3,0,1.3,2,0.625,0.556,1.3,1.4,0.909,1,1.3,2.3,0.5,0.3,0.5,0.4,0.9,3.8
361,Théo,Maledon,OKC,PG,19,65,49,27.4,3.5,9.4,0.368,1.6,4.8,0.335,1.9,4.6,0.402,0.454,1.6,2.1,0.748,0.4,2.9,3.2,3.5,0.9,0.2,2.2,1.9,10.1
362,Karim,Mané,ORL,PG,20,10,0,8.8,0.3,1.3,0.231,0.1,0.2,0.5,0.2,1.1,0.182,0.269,0.4,0.5,0.8,0.1,1.3,1.4,0.4,0,0.2,0.3,1,1.1
363,Terance,Mann,LAC,SG,24,67,10,18.9,2.7,5.2,0.509,0.6,1.4,0.418,2.1,3.9,0.541,0.563,1.2,1.4,0.83,0.8,2.8,3.6,1.6,0.4,0.2,0.6,1.9,7
364,Nico,Mannion,GSW,PG,19,30,1,12.1,1.3,3.8,0.342,0.7,2,0.367,0.6,1.8,0.315,0.439,0.8,0.9,0.821,0.2,1.3,1.5,2.3,0.5,0,1,1,4.1
365,Boban,Marjanović,DAL,C,32,33,3,8.2,1.9,3.7,0.508,0,0.2,0.125,1.8,3.5,0.535,0.512,0.9,1.2,0.816,1.4,2.5,3.9,0.3,0.1,0.2,0.4,0.9,4.7
366,Lauri,Markkanen,CHI,PF,23,51,26,25.8,4.9,10.2,0.48,2.3,5.8,0.402,2.6,4.4,0.582,0.594,1.5,1.8,0.826,0.7,4.6,5.3,0.9,0.5,0.3,1,1.5,13.6
367,Naji,Marshall,NOP,SF,23,32,10,21.9,2.6,6.5,0.392,0.9,2.6,0.349,1.7,3.9,0.421,0.462,1.7,2.3,0.707,0.5,4.2,4.6,2.8,0.8,0.3,1.2,1.8,7.7
368,Caleb,Martin,CHO,SF,25,53,3,15.4,1.8,4.8,0.375,0.6,2.4,0.248,1.2,2.5,0.496,0.436,0.8,1.2,0.641,0.6,2.1,2.7,1.3,0.7,0.2,0.6,1.2,5
369,Cody,Martin,CHO,SF,25,52,10,16.3,1.6,3.6,0.441,0.3,1.1,0.276,1.3,2.5,0.515,0.484,0.5,0.8,0.581,1,2.1,3.1,1.7,0.7,0.2,0.8,1,4
370,Jeremiah,Martin,CLE,PG,24,9,0,8.3,1,3.7,0.273,0.3,1.3,0.25,0.7,2.3,0.286,0.318,0.1,0.6,0.2,0.2,0.6,0.8,0.4,0.6,0.2,0.7,0.1,2.4
371,Kelan,Martin,IND,SF,25,35,0,9.2,1.8,3.9,0.449,0.7,1.7,0.4,1.1,2.2,0.487,0.536,0.3,0.3,0.9,0.5,1.7,2.2,0.5,0.3,0.3,0.5,1,4.5
372,Kenyon,Martin Jr.,HOU,SF,20,45,8,23.7,3.6,7.1,0.509,0.8,2.1,0.365,2.8,4.9,0.572,0.564,1.3,1.9,0.714,1.6,3.8,5.4,1.1,0.7,0.9,0.8,2,9.3
373,Frank,Mason III,ORL,PG,26,4,1,19.8,2.3,6,0.375,0.5,1.3,0.4,1.8,4.8,0.368,0.417,1.3,1.8,0.714,0.8,2.3,3,3,0,0,1.3,1.8,6.3
374,Garrison,Mathews,WAS,SG,24,64,24,16.2,1.5,3.7,0.409,1.2,3.1,0.384,0.3,0.6,0.538,0.57,1.3,1.5,0.884,0.3,1.1,1.4,0.4,0.5,0.1,0.2,1.7,5.5
375,Dakota,Mathias,PHI,SG,25,8,2,15.4,2.4,6,0.396,1,3.3,0.308,1.4,2.8,0.5,0.479,0.3,0.8,0.333,0.1,0.8,0.9,1.6,0.1,0.4,0.1,0.9,6
376,Wesley,Matthews,LAL,SG,34,58,10,19.5,1.5,4.3,0.353,1.1,3.4,0.335,0.4,0.9,0.418,0.484,0.6,0.7,0.854,0.3,1.3,1.6,0.9,0.7,0.3,0.4,1.4,4.8
377,Tyrese,Maxey,PHI,SG,20,61,8,15.3,3.2,7,0.462,0.5,1.7,0.301,2.7,5.3,0.512,0.498,1,1.1,0.871,0.2,1.5,1.7,2,0.4,0.2,0.7,1.3,8
378,Skylar,Mays,ATL,SG,23,33,0,8.2,1.3,3,0.449,0.4,1.2,0.35,0.9,1.8,0.517,0.52,0.7,0.8,0.88,0.3,0.8,1.1,0.9,0.4,0.1,0.3,0.5,3.8
379,Patrick,McCaw,TOR,SF,25,5,0,6.6,0.2,0.2,1,0,0,0,0.2,0.2,1,1,0.6,0.6,1,0.2,0.4,0.6,0.8,0.4,0,0,1.2,1
380,CJ,McCollum,POR,SG,29,47,47,34,8.6,18.8,0.458,3.6,8.9,0.402,5,9.9,0.509,0.554,2.3,2.8,0.812,0.6,3.3,3.9,4.7,0.9,0.4,1.4,1.9,23.1
381,T.J.,McConnell,IND,PG,28,69,3,26,4,7.1,0.559,0.2,0.7,0.313,3.8,6.4,0.586,0.574,0.5,0.7,0.688,0.8,2.9,3.7,6.6,1.9,0.3,2,1.6,8.6
382,Jaden,McDaniels,MIN,PF,20,63,27,24,2.6,5.8,0.447,1.1,3.1,0.364,1.5,2.7,0.544,0.545,0.4,0.7,0.6,0.8,2.9,3.7,1.1,0.6,1,0.7,2.7,6.8
383,Jalen,McDaniels,CHO,SF,23,47,18,19.2,2.8,6,0.468,0.7,2.2,0.333,2.1,3.8,0.547,0.53,1,1.4,0.703,1,2.6,3.6,1.1,0.6,0.4,1,2,7.4
384,Doug,McDermott,IND,PF,29,66,29,24.5,5.4,10.1,0.532,1.7,4.3,0.388,3.7,5.7,0.641,0.616,1.2,1.5,0.816,0.9,2.4,3.3,1.3,0.3,0.1,0.8,1.8,13.6
385,Sean,McDermott,MEM,SF,24,18,0,8.8,0.7,1.8,0.394,0.3,1.2,0.227,0.4,0.6,0.727,0.47,0.4,0.4,1,0.3,0.7,1.1,0.2,0.1,0.2,0.2,0.4,2.2
386,JaVale,McGee,CLE,C,33,33,1,15.2,3.4,6.5,0.521,0.2,0.6,0.25,3.2,5.9,0.549,0.533,1.1,1.7,0.655,1.6,3.5,5.2,1,0.5,1.2,1.4,2.4,8
387,JaVale,McGee,DEN,C,33,13,1,13.5,2.5,5.2,0.478,0,0.3,0,2.5,4.8,0.508,0.478,0.6,0.9,0.667,1.8,3.5,5.3,0.5,0.2,1.1,1.2,3.2,5.5
388,Rodney,McGruder,DET,SG,29,16,2,12.1,2.3,4.4,0.529,0.7,1.5,0.458,1.6,2.9,0.565,0.607,0.4,0.5,0.75,0.5,0.9,1.4,1,0.5,0.1,0.4,0.8,5.7
389,Alfonzo,McKinnie,LAL,SF,28,39,0,6.6,1.2,2.4,0.516,0.4,1,0.41,0.8,1.4,0.593,0.602,0.3,0.5,0.556,0.6,0.8,1.4,0.2,0.2,0,0.1,0.7,3.1
390,Jordan,McLaughlin,MIN,PG,24,51,2,18.4,2,4.7,0.413,0.6,1.8,0.359,1.3,2.9,0.447,0.481,0.5,0.6,0.767,0.4,1.7,2.1,3.8,1,0.1,1,0.9,5
391,Ben,McLemore,HOU,SG,27,32,4,16.8,2.5,7,0.357,1.7,5.2,0.331,0.8,1.8,0.431,0.48,0.7,1,0.719,0.3,1.7,2.1,0.9,0.6,0.1,0.9,1.6,7.4
392,Ben,McLemore,LAL,SG,27,21,1,17.5,2.6,6.7,0.39,2,5.4,0.368,0.6,1.3,0.481,0.539,0.8,1,0.762,0.2,1.4,1.6,0.5,0.1,0.3,0.7,1.8,8
393,Nicolò,Melli,NOP,PF,30,22,0,11,0.7,2.7,0.254,0.3,1.7,0.189,0.4,1,0.364,0.314,0.3,0.3,0.857,0.5,2,2.6,1.1,0.4,0,0.3,1.3,2
394,Nicolò,Melli,DAL,PF,30,23,4,14.1,1.3,3.6,0.378,0.7,2.1,0.333,0.7,1.5,0.441,0.476,0.6,0.8,0.722,0.7,2.1,2.8,0.8,0.2,0.1,0.2,1.3,4
395,De'Anthony,Melton,MEM,PG,22,52,1,20.1,3.3,7.6,0.438,1.7,4.1,0.412,1.6,3.5,0.467,0.548,0.8,1,0.804,0.6,2.5,3.1,2.5,1.2,0.6,1.3,1.6,9.1
396,Sam,Merrill,MIL,SG,24,30,2,7.8,1.1,2.4,0.444,0.7,1.6,0.447,0.4,0.8,0.44,0.59,0.1,0.1,1,0.2,0.8,1,0.7,0.3,0,0.3,0.6,3
397,Chimezie,Metu,SAC,C,23,36,6,13.6,2.5,5,0.508,0.4,1,0.351,2.2,3.9,0.549,0.545,0.9,1.2,0.721,0.9,2.3,3.1,0.8,0.4,0.5,0.8,1.6,6.3
398,Khris,Middleton,MIL,SF,29,68,68,33.4,7.5,15.8,0.476,2.2,5.4,0.414,5.3,10.4,0.508,0.546,3.1,3.5,0.898,0.8,5.2,6,5.4,1.1,0.1,2.6,2.4,20.4
399,Darius,Miller,OKC,SF,30,18,0,10.9,1.2,2.7,0.458,0.9,2.3,0.405,0.3,0.3,0.833,0.635,0.7,0.7,1,0.1,1.2,1.3,1.2,0.7,0.3,0.4,0.7,4.1
400,Patty,Mills,SAS,PG,32,68,1,24.8,3.7,9,0.412,2.4,6.3,0.375,1.3,2.7,0.5,0.544,1,1.1,0.91,0.3,1.4,1.7,2.4,0.6,0,1,1.2,10.8
401,Paul,Millsap,DEN,PF,35,56,36,20.8,3.4,7.2,0.476,0.9,2.6,0.343,2.5,4.6,0.55,0.537,1.3,1.8,0.724,1.4,3.3,4.7,1.8,0.9,0.6,0.9,2,9
402,Shake,Milton,PHI,SG,24,63,4,23.2,4.8,10.6,0.45,1.1,3.2,0.35,3.6,7.4,0.494,0.503,2.3,2.8,0.83,0.5,1.8,2.3,3.1,0.6,0.3,1.6,2.1,13
403,Donovan,Mitchell,UTA,PG,24,53,53,33.4,9,20.6,0.438,3.4,8.7,0.386,5.7,11.9,0.476,0.52,5,6,0.845,0.9,3.5,4.4,5.2,1,0.3,2.8,2.2,26.4
404,Adam,Mokoka,CHI,SG,22,14,0,4,0.5,1.4,0.368,0.1,0.7,0.1,0.4,0.6,0.667,0.395,0,0.1,0,0.1,0.3,0.4,0.4,0.1,0.1,0.4,0.4,1.1
405,Malik,Monk,CHO,SG,22,42,0,20.9,4.1,9.5,0.434,2,5,0.401,2.1,4.5,0.471,0.54,1.4,1.7,0.819,0.3,2.1,2.4,2.1,0.5,0.1,1.3,1.1,11.7
406,E'Twaun,Moore,PHO,SG,31,27,1,14.4,2,4.5,0.455,0.4,1.3,0.314,1.6,3.2,0.512,0.5,0.4,0.5,0.857,0.5,1.1,1.7,1.5,0.6,0.2,0.9,1.2,4.9
407,Ja,Morant,MEM,PG,21,63,63,32.6,6.8,15.2,0.449,1.2,3.8,0.303,5.7,11.4,0.499,0.487,4.3,5.9,0.728,0.9,3.1,4,7.4,0.9,0.2,3.2,1.4,19.1
408,Juwan,Morgan,UTA,PF,23,29,0,5.1,0.5,1,0.467,0.1,0.4,0.308,0.3,0.6,0.588,0.533,0.1,0.2,0.429,0.3,0.7,1,0.3,0.1,0,0.1,0.7,1.2
409,Marcus,Morris,LAC,PF,31,57,29,26.4,4.8,10.2,0.473,2.5,5.2,0.473,2.4,5.1,0.472,0.592,1.3,1.6,0.82,0.6,3.5,4.1,1,0.6,0.3,1,2.1,13.4
410,Markieff,Morris,LAL,PF,31,61,27,19.7,2.5,6.2,0.405,1.1,3.4,0.311,1.4,2.8,0.521,0.491,0.6,0.8,0.72,0.8,3.6,4.4,1.2,0.4,0.3,0.9,1.7,6.7
411,Monte,Morris,DEN,PG,25,47,13,25.4,4,8.2,0.481,1.1,2.9,0.381,2.9,5.4,0.534,0.547,1.2,1.6,0.795,0.2,1.8,2,3.2,0.7,0.3,0.7,1,10.2
412,Mychal,Mulder,GSW,PG,26,60,6,12.8,2,4.4,0.449,1.4,3.6,0.397,0.6,0.9,0.667,0.609,0.2,0.4,0.636,0.1,0.9,1,0.4,0.2,0.2,0.3,0.9,5.6
413,Dejounte,Murray,SAS,PG,24,67,67,31.9,6.6,14.5,0.453,0.9,3,0.317,5.6,11.6,0.488,0.485,1.6,2,0.791,0.9,6.2,7.1,5.4,1.5,0.1,1.7,2,15.7
414,Jamal,Murray,DEN,PG,23,48,48,35.5,7.9,16.5,0.477,2.7,6.6,0.408,5.2,9.9,0.523,0.559,2.8,3.2,0.869,0.8,3.3,4,4.8,1.3,0.3,2.3,2,21.2
415,Mike,Muscala,OKC,C,29,35,0,18.4,3.4,7.6,0.446,1.9,5.3,0.37,1.5,2.4,0.614,0.573,0.9,1,0.917,0.5,3.2,3.8,0.8,0.2,0.3,0.6,1.5,9.7
416,Svi,Mykhailiuk,DET,SF,23,36,5,17.6,2.3,6.2,0.377,1.6,4.8,0.333,0.8,1.4,0.519,0.504,0.7,0.8,0.8,0.3,1.8,2.1,1.6,0.8,0.2,1.1,0.9,6.9
417,Svi,Mykhailiuk,OKC,SG,23,30,9,23,4.1,9.4,0.438,1.6,4.8,0.336,2.5,4.7,0.543,0.523,0.5,0.7,0.7,0.4,2.5,3,1.8,0.8,0.2,1.6,1,10.3
418,Abdel,Nader,PHO,SF,27,24,0,14.8,2.4,4.8,0.491,0.8,1.8,0.419,1.6,3,0.534,0.569,1.2,1.5,0.757,0.3,2.3,2.6,0.8,0.4,0.4,0.8,1.4,6.7
419,Larry,Nance Jr.,CLE,PF,28,35,27,31.2,3.7,7.8,0.471,1.2,3.3,0.36,2.5,4.5,0.551,0.546,0.9,1.4,0.612,1.5,5.2,6.7,3.1,1.7,0.5,1.6,2.1,9.3
420,Aaron,Nesmith,BOS,SF,21,46,1,14.5,1.7,3.9,0.438,0.9,2.3,0.37,0.8,1.5,0.543,0.551,0.5,0.6,0.786,0.6,2.2,2.8,0.5,0.3,0.2,0.5,1.9,4.7
421,Raul,Neto,WAS,PG,28,64,22,21.9,3.3,7,0.468,1,2.6,0.39,2.3,4.4,0.512,0.539,1.2,1.3,0.882,0.4,2,2.4,2.3,1.1,0.1,0.8,1.7,8.7
422,Georges,Niang,UTA,PF,27,72,10,16,2.5,5.6,0.437,1.7,4.1,0.425,0.7,1.6,0.469,0.59,0.3,0.3,0.957,0.4,2.1,2.4,0.8,0.3,0.1,0.7,1.6,6.9
423,Zeke,Nnaji,DEN,PF,20,42,1,9.5,1.2,2.5,0.481,0.6,1.4,0.407,0.6,1.1,0.578,0.596,0.3,0.4,0.8,0.3,1.2,1.5,0.2,0.2,0.1,0.2,0.7,3.2
424,Nerlens,Noel,NYK,C,26,64,41,24.2,2.1,3.5,0.614,0,0,0,2.1,3.4,0.623,0.614,0.8,1.1,0.714,2.2,4.2,6.4,0.7,1.1,2.2,1,2.8,5.1
425,Jaylen,Nowell,MIN,SG,21,42,0,18.1,3.4,8,0.424,1.2,3.6,0.333,2.2,4.4,0.497,0.499,1.1,1.3,0.818,0.5,1.8,2.3,1.5,0.5,0.3,0.7,1.7,9
426,Frank,Ntilikina,NYK,PG,22,33,4,9.8,0.9,2.4,0.367,0.7,1.5,0.479,0.2,0.9,0.194,0.513,0.2,0.5,0.444,0.2,0.8,0.9,0.6,0.5,0.1,0.3,1.4,2.7
427,Kendrick,Nunn,MIA,PG,25,56,44,29.5,5.7,11.8,0.485,2.2,5.7,0.381,3.5,6,0.583,0.578,1,1.1,0.933,0.4,2.8,3.2,2.6,0.9,0.3,1.4,1.9,14.6
428,James,Nunnally,NOP,SF,30,9,0,5.3,0.6,1.4,0.385,0.4,1.3,0.333,0.1,0.1,1,0.538,0.1,0.2,0.5,0.2,0.8,1,0.3,0,0,0.2,0.1,1.7
429,Jusuf,Nurkić,POR,C,26,37,37,23.8,4.6,9,0.514,0.3,0.8,0.4,4.3,8.2,0.525,0.532,1.9,3.1,0.619,2.3,6.6,9,3.4,1,1.1,2,2.8,11.5
430,David,Nwaba,HOU,SF,28,30,9,22.6,3.5,7.3,0.486,0.6,2.1,0.27,3,5.2,0.574,0.525,1.6,2.3,0.691,1.3,2.6,3.9,1,1,0.7,0.6,2,9.2
431,Jordan,Nwora,MIL,SF,22,30,2,9.1,2.1,4.5,0.459,0.9,2.1,0.452,1.1,2.4,0.466,0.563,0.6,0.8,0.76,0.3,1.7,2,0.2,0.5,0.2,0.8,0.7,5.7
432,Royce,O'Neale,UTA,SF,27,71,71,31.6,2.5,5.5,0.444,1.5,3.9,0.385,1,1.6,0.586,0.58,0.5,0.6,0.848,1.2,5.6,6.8,2.5,0.8,0.5,1.2,2.6,7
433,Semi,Ojeleye,BOS,PF,26,56,15,17,1.6,3.9,0.403,1,2.8,0.367,0.6,1.1,0.492,0.534,0.4,0.6,0.75,0.6,2.1,2.6,0.7,0.3,0,0.4,1,4.6
434,Jahlil,Okafor,DET,C,25,27,2,12.9,2.3,3.8,0.618,0.1,0.3,0.222,2.3,3.4,0.656,0.627,0.6,0.9,0.708,0.9,1.6,2.4,0.5,0.2,0.2,0.8,1.4,5.4
435,Chuma,Okeke,ORL,PF,22,45,19,25.2,3,7.2,0.417,1.1,3.1,0.348,1.9,4.1,0.47,0.492,0.7,0.9,0.75,0.9,3.1,4,2.2,1.1,0.5,0.8,1.1,7.8
436,Josh,Okogie,MIN,SG,22,59,37,20.3,1.7,4.3,0.402,0.5,1.8,0.269,1.2,2.5,0.5,0.459,1.4,1.8,0.769,1.1,1.6,2.6,1.1,0.9,0.5,0.7,2.1,5.4
437,Onyeka,Okongwu,ATL,C,20,50,4,12,1.9,3,0.644,0,0.1,0,1.9,2.9,0.658,0.644,0.7,1.1,0.632,1.2,2,3.3,0.4,0.5,0.7,0.6,2,4.6
438,Isaac,Okoro,CLE,SG,20,67,67,32.4,3.5,8.3,0.42,0.9,3.2,0.29,2.6,5.1,0.501,0.476,1.7,2.3,0.726,1,2.1,3.1,1.9,0.9,0.4,1.3,2.8,9.6
439,KZ,Okpala,MIA,PF,21,37,9,12.1,1,2.6,0.375,0.3,1.4,0.24,0.6,1.2,0.522,0.438,0.2,0.4,0.533,0.6,1.3,1.8,0.5,0.3,0.3,0.4,1.6,2.5
440,Victor,Oladipo,IND,SG,28,9,9,33.3,7.1,16.9,0.421,2.8,7.7,0.362,4.3,9.2,0.47,0.503,3,4.1,0.73,0.1,5.6,5.7,4.2,1.7,0.2,2,2.6,20
441,Victor,Oladipo,HOU,SG,28,20,20,33.5,7.8,19.1,0.407,2.5,7.7,0.32,5.3,11.4,0.465,0.471,3.3,4.2,0.783,0.4,4.4,4.8,5,1.2,0.5,2.6,2.3,21.2
442,Victor,Oladipo,MIA,SG,28,4,4,27.8,4,10.8,0.372,1,4.3,0.235,3,6.5,0.462,0.419,3,4.5,0.667,0.8,2.8,3.5,3.5,1.8,0.5,3.5,3.3,12
443,Cameron,Oliver,HOU,SF,24,4,0,21.8,4.8,8.3,0.576,1,3.3,0.308,3.8,5,0.75,0.636,0.3,1,0.25,1.3,4,5.3,1.3,0.5,1,0.8,2.8,10.8
444,Kelly,Olynyk,MIA,C,29,43,38,26.9,3.8,8.7,0.431,1.8,5.7,0.317,2,3.1,0.639,0.533,0.7,0.9,0.775,1,5,6.1,2.1,0.9,0.6,1.3,2.9,10
445,Kelly,Olynyk,HOU,PF,29,27,24,31.1,6.5,11.9,0.545,1.8,4.6,0.392,4.7,7.3,0.643,0.621,4.2,5,0.844,1.6,6.9,8.4,4.1,1.4,0.6,2.6,3.1,19
446,Miye,Oni,UTA,SG,23,54,0,9.6,0.6,1.8,0.354,0.6,1.6,0.341,0.1,0.2,0.455,0.505,0.1,0.1,0.833,0.4,1.1,1.6,0.5,0.2,0.1,0.3,1.1,1.9
447,Cedi,Osman,CLE,SF,25,59,26,25.6,3.7,9.9,0.374,1.7,5.5,0.306,2,4.4,0.458,0.458,1.3,1.6,0.8,0.6,2.8,3.4,2.9,0.9,0.2,1.4,2,10.4
448,Daniel,Oturu,LAC,C,21,30,0,5.4,0.7,1.7,0.423,0,0.2,0.2,0.7,1.6,0.447,0.433,0.3,0.4,0.75,0.7,0.9,1.6,0.3,0.1,0.2,0.3,0.8,1.8
449,Kelly,Oubre Jr.,GSW,SF,25,55,50,30.7,5.8,13.2,0.439,1.6,5.2,0.316,4.1,8,0.519,0.501,2.2,3.2,0.695,1.5,4.5,6,1.3,1,0.8,1.3,2.2,15.4
450,Jabari,Parker,SAC,PF,25,3,0,9,1.3,2.3,0.571,0,0.3,0,1.3,2,0.667,0.571,0,0,0,0.3,1.7,2,0.3,0,0.3,1,1.3,2.7
451,Jabari,Parker,BOS,PF,25,10,0,13.8,2.6,4.8,0.542,0.2,1,0.2,2.4,3.8,0.632,0.563,1,1.3,0.769,0.9,2.7,3.6,1,0.1,0.4,0.7,0.9,6.4
452,Eric,Paschall,GSW,PF,24,40,2,17.4,3.7,7.5,0.497,0.5,1.4,0.333,3.3,6.1,0.533,0.527,1.7,2.4,0.713,0.7,2.5,3.2,1.3,0.3,0.2,1.1,1.7,9.5
453,Anžejs,Pasečņiks,WAS,C,25,1,0,6,0,1,0,0,1,0,0,0,0,0,0,0,0,1,0,1,1,0,0,5,2,0
454,Patrick,Patterson,LAC,PF,31,38,5,15.3,1.9,4.3,0.436,1.1,2.9,0.357,0.8,1.4,0.604,0.558,0.3,0.4,0.765,0.5,1.5,2,0.8,0.4,0.2,0.3,1.2,5.2
455,Justin,Patton,HOU,C,23,13,6,19,2.2,5.4,0.414,0.7,2.6,0.265,1.5,2.8,0.556,0.479,0.2,0.3,0.75,1.1,2.7,3.8,1.1,0.9,1.1,0.3,2.6,5.4
456,Chris,Paul,PHO,PG,35,70,70,31.4,6.3,12.6,0.499,1.5,3.7,0.395,4.8,8.9,0.543,0.557,2.4,2.6,0.934,0.4,4.1,4.5,8.9,1.4,0.3,2.2,2.4,16.4
457,Cameron,Payne,PHO,PG,26,60,1,18,3.2,6.6,0.484,1.2,2.8,0.44,2,3.8,0.515,0.576,0.8,0.9,0.893,0.3,2.1,2.4,3.6,0.6,0.3,1,1.6,8.4
458,Elfrid,Payton,NYK,PG,26,63,63,23.6,4.3,9.9,0.432,0.4,1.6,0.286,3.8,8.3,0.46,0.455,1.2,1.7,0.682,1,2.4,3.4,3.2,0.7,0.1,1.6,1.8,10.1
459,Gary,Payton II,GSW,PG,28,10,0,4,1,1.3,0.769,0.2,0.4,0.5,0.8,0.9,0.889,0.846,0.3,0.4,0.75,0.2,0.9,1.1,0.1,0.6,0.1,0.1,0.8,2.5
460,Norvel,Pelle,BRK,C,27,3,0,9.3,1,2.3,0.429,0,0,0,1,2.3,0.429,0.429,0,0,0,1,1.3,2.3,0,0,1,1,3,2
461,Norvel,Pelle,SAC,C,27,1,0,4,0,1,0,0,0,0,0,1,0,0,3,4,0.75,1,0,1,1,0,0,0,1,3
462,Norvel,Pelle,NYK,C,27,9,0,5.8,0.6,0.8,0.714,0,0,0,0.6,0.8,0.714,0.714,0.1,0.2,0.5,0.2,1,1.2,0.1,0.1,0.7,0,0.4,1.2
463,Reggie,Perry,BRK,PF,20,26,0,8.1,1.2,3,0.41,0.2,0.8,0.19,1.1,2.2,0.491,0.436,0.4,0.5,0.769,1,1.8,2.8,0.5,0.2,0.2,0.6,1.5,3
464,Theo,Pinson,NYK,SG,25,17,0,2,0.1,0.5,0.111,0,0.5,0,0.1,0.1,1,0.111,0,0,0,0,0.3,0.3,0.1,0,0,0.1,0.2,0.1
465,Mason,Plumlee,DET,C,30,56,56,26.8,4.2,6.8,0.614,0,0.1,0,4.2,6.7,0.626,0.614,2,3,0.669,2.6,6.7,9.3,3.6,0.8,0.9,1.9,3.3,10.4
466,Jakob,Poeltl,SAS,C,25,69,51,26.7,3.8,6.2,0.616,0,0,0,3.8,6.2,0.616,0.616,0.9,1.8,0.508,3.2,4.8,7.9,1.9,0.7,1.8,1.2,2.5,8.6
467,Vincent,Poirier,PHI,C,27,10,0,3.9,0.3,1.2,0.25,0,0.1,0,0.3,1.1,0.273,0.25,0.2,0.6,0.333,0.6,0.8,1.4,0.2,0,0.3,0.4,0.8,0.8
468,Aleksej,Pokusevski,OKC,PF,19,45,28,24.2,3.1,9.1,0.341,1.3,4.6,0.28,1.8,4.5,0.403,0.412,0.7,0.9,0.738,0.7,4,4.7,2.2,0.4,0.9,2.2,1.3,8.2
469,Jordan,Poole,GSW,SG,21,51,7,19.4,4,9.3,0.432,1.9,5.4,0.351,2.1,3.9,0.545,0.535,2.1,2.3,0.882,0.3,1.5,1.8,1.9,0.5,0.2,1,1.7,12
470,Jontay,Porter,MEM,PF,21,11,0,4.9,0.7,1.4,0.533,0.3,0.7,0.375,0.5,0.6,0.714,0.633,0.3,0.5,0.6,0.4,0.9,1.3,0.1,0.3,0.1,0.6,1.1,2
471,Kevin,Porter Jr.,HOU,SG,20,26,23,32.1,6,14.1,0.425,1.9,6.2,0.311,4.1,7.9,0.515,0.493,2.7,3.6,0.734,0.8,3,3.8,6.3,0.7,0.3,3.5,2.3,16.6
472,Michael,Porter Jr.,DEN,SF,22,61,54,31.3,7.3,13.4,0.542,2.8,6.3,0.445,4.5,7.1,0.628,0.646,1.7,2.2,0.791,1.5,5.8,7.3,1.1,0.7,0.9,1.3,2.1,19
473,Otto,Porter,CHI,SF,27,25,6,21.6,3.6,8.1,0.441,1.5,3.8,0.4,2,4.3,0.477,0.535,1.2,1.5,0.838,1.1,4.4,5.5,2,0.5,0.2,1,1.5,9.9
474,Otto,Porter,ORL,PF,27,3,0,22,3,8.3,0.36,0.3,3,0.111,2.7,5.3,0.5,0.38,1.7,1.7,1,0,4.7,4.7,1.7,1.3,0,0,1.3,8
475,Bobby,Portis,MIL,C,25,66,7,20.8,4.7,9.1,0.523,1.1,2.4,0.471,3.6,6.7,0.542,0.585,0.8,1.1,0.74,1.9,5.2,7.1,1.1,0.8,0.4,0.8,1.7,11.4
476,Kristaps,Porziņģis,DAL,C,25,43,43,30.9,7.6,15.9,0.476,2.3,6,0.376,5.3,9.9,0.536,0.547,2.7,3.2,0.855,1.9,7,8.9,1.6,0.5,1.3,1.2,2.7,20.1
477,Dwight,Powell,DAL,C,29,58,19,16.7,2.1,3.3,0.619,0.1,0.4,0.238,2,3,0.665,0.631,1.7,2.1,0.782,1.4,2.7,4,1.1,0.6,0.5,0.7,2.3,5.9
478,Norman,Powell,TOR,SG,27,42,31,30.4,6.7,13.5,0.498,2.8,6.4,0.439,3.9,7.1,0.552,0.602,3.4,3.9,0.865,0.5,2.5,3,1.8,1.1,0.2,1.8,2.3,19.6
479,Norman,Powell,POR,SF,27,27,27,34.4,5.8,13,0.443,2,5.4,0.361,3.8,7.6,0.502,0.518,3.5,4,0.88,0.9,2.4,3.3,1.9,1.3,0.4,1.6,2.3,17
480,Taurean,Prince,BRK,PF,26,12,4,18.2,2.5,6.2,0.405,1.1,3.1,0.351,1.4,3.1,0.459,0.493,2,2.3,0.889,0.2,2.7,2.8,0.6,0.7,0.7,0.9,1.8,8.1
481,Taurean,Prince,CLE,PF,26,29,6,23.7,3.5,8.7,0.399,1.7,4.1,0.415,1.8,4.7,0.385,0.496,1.4,1.7,0.837,0.6,3.1,3.7,2.4,0.7,0.5,1.2,1.9,10.1
482,Payton,Pritchard,BOS,SG,23,66,4,19.2,2.8,6.3,0.44,1.5,3.8,0.411,1.2,2.6,0.482,0.562,0.6,0.7,0.889,0.5,1.9,2.4,1.8,0.6,0.1,0.8,1.6,7.7
483,Immanuel,Quickley,NYK,PG,21,64,3,19.4,3.6,9.1,0.395,1.8,4.7,0.389,1.7,4.3,0.401,0.497,2.4,2.7,0.891,0.4,1.8,2.1,2,0.5,0.2,0.9,1.8,11.4
484,Jahmi'us,Ramsey,SAC,SG,19,13,0,7.2,1.2,2.9,0.395,0.4,1.5,0.263,0.8,1.5,0.526,0.461,0.4,0.4,1,0.2,0.6,0.8,0.5,0.3,0.1,0.2,0.6,3.1
485,Chasson,Randle,ORL,PG,27,41,5,20.4,2.2,5.8,0.388,1.1,3.2,0.338,1.2,2.6,0.449,0.481,0.9,1.2,0.792,0.2,1.8,2,1.8,0.5,0.1,1.1,1.6,6.5
486,Julius,Randle,NYK,PF,26,71,71,37.6,8.5,18.6,0.456,2.3,5.5,0.411,6.2,13.1,0.474,0.516,4.9,6,0.811,1.2,9,10.2,6,0.9,0.3,3.4,3.2,24.1
487,Cam,Reddish,ATL,SF,21,26,21,28.8,3.7,10.1,0.365,1.3,4.8,0.262,2.4,5.3,0.46,0.428,2.6,3.2,0.817,0.8,3.2,4,1.3,1.3,0.3,1.3,2.6,11.2
488,J.J.,Redick,NOP,SG,36,31,0,18.6,2.8,6.9,0.407,1.6,4.5,0.364,1.2,2.4,0.486,0.526,1.5,1.5,0.957,0.1,1.6,1.7,1.3,0.3,0.1,0.8,1.2,8.7
489,J.J.,Redick,DAL,SG,36,13,0,11.3,1.5,4.1,0.358,1.2,2.9,0.395,0.3,1.2,0.267,0.5,0.3,0.4,0.8,0.1,0.8,0.9,0.8,0.2,0.1,0.8,1,4.4
490,Paul,Reed,PHI,PF,21,26,0,6.8,1.6,3,0.538,0,0.2,0,1.6,2.8,0.583,0.538,0.2,0.3,0.5,1.2,1.2,2.3,0.5,0.4,0.5,0.5,1.1,3.4
491,Naz,Reid,MIN,C,21,70,15,19.2,4.3,8.3,0.523,0.9,2.5,0.351,3.5,5.8,0.597,0.576,1.6,2.4,0.693,1.2,3.4,4.6,1,0.5,1.1,1,2.6,11.2
492,Cameron,Reynolds,SAS,SF,25,3,0,2,0.3,0.7,0.5,0,0,0,0.3,0.7,0.5,0.5,0,0,0,0,0,0,0,0,0,0,0,0.7
493,Cameron,Reynolds,HOU,SF,25,2,0,17,2.5,8,0.313,1.5,6,0.25,1,2,0.5,0.406,0,0,0,1,1.5,2.5,1,0,0,0,1,6.5
494,Nick,Richards,CHO,PF,23,18,0,3.5,0.2,0.5,0.444,0,0.1,0,0.2,0.4,0.5,0.444,0.4,0.6,0.636,0.2,0.4,0.6,0.1,0,0,0.2,0.4,0.8
495,Josh,Richardson,DAL,SG,27,59,56,30.3,4.5,10.5,0.427,1.5,4.5,0.33,3,5.9,0.501,0.498,1.7,1.8,0.917,0.9,2.4,3.3,2.6,1,0.4,1.3,2.2,12.1
496,Grant,Riller,CHO,PG,23,7,0,3.9,1.1,1.7,0.667,0.3,0.6,0.5,0.9,1.1,0.75,0.75,0,0,0,0,0.1,0.1,0.4,0.1,0,0.1,0,2.6
497,Austin,Rivers,NYK,SG,28,21,2,21,2.8,6.4,0.43,1.3,3.7,0.364,1.4,2.8,0.517,0.533,0.5,0.7,0.714,0.2,2,2.2,2,0.6,0,1,1.5,7.3
498,Austin,Rivers,DEN,SG,28,15,5,26.9,3.1,7.3,0.418,1.8,4.8,0.375,1.3,2.5,0.5,0.541,0.8,1.1,0.706,0.2,2.1,2.3,2.6,1.2,0.1,0.9,2.1,8.7
499,Andre,Roberson,BRK,SG,29,5,0,12.6,0.4,2.8,0.143,0.2,1.6,0.125,0.2,1.2,0.167,0.179,0.2,0.4,0.5,1.4,1.6,3,0.8,0.6,0.2,0.4,0.8,1.2
500,Duncan,Robinson,MIA,SF,26,72,72,31.4,4.4,10,0.439,3.5,8.5,0.408,0.9,1.4,0.625,0.614,0.9,1,0.827,0.1,3.4,3.5,1.8,0.6,0.3,1.1,2.5,13.1
501,Glenn,Robinson III,SAC,SF,27,23,2,16,1.8,4.3,0.424,0.7,1.9,0.364,1.1,2.4,0.473,0.505,0.9,1,0.913,0.5,1.5,2,0.9,0.2,0.1,0.5,1,5.3
502,Jerome,Robinson,WAS,SG,23,17,6,17.9,1.6,5.6,0.295,0.6,2.5,0.262,1,3.1,0.321,0.353,0.9,1.2,0.8,0.2,2,2.2,1.5,0.7,0.4,1.1,1.8,4.9
503,Justin,Robinson,OKC,PG,23,9,0,9.8,0.8,2.3,0.333,0.4,1.6,0.286,0.3,0.8,0.429,0.429,0.3,0.6,0.6,0.1,0.7,0.8,1,0.3,0,0.2,1.1,2.3
504,Mitchell,Robinson,NYK,C,22,31,29,27.5,3.7,5.7,0.653,0,0,0,3.7,5.7,0.653,0.653,0.8,1.7,0.491,3.6,4.5,8.1,0.5,1.1,1.5,0.8,2.8,8.3
505,Isaiah,Roby,OKC,PF,22,61,34,23.4,3.4,7,0.483,0.5,1.8,0.294,2.9,5.2,0.547,0.52,1.4,1.9,0.744,1.5,4.1,5.6,1.8,0.9,0.6,1.9,2.7,8.7
506,Rajon,Rondo,ATL,PG,34,27,2,14.9,1.6,4.1,0.4,0.6,1.7,0.378,1,2.4,0.415,0.477,0,0.1,0.5,0.1,1.9,2,3.5,0.7,0.1,1.4,0.9,3.9
507,Rajon,Rondo,LAC,PG,34,18,1,20.4,2.8,5.8,0.486,1.1,2.4,0.432,1.8,3.4,0.525,0.576,0.8,0.8,1,0.8,2.3,3.1,5.8,1,0.1,2.2,1.6,7.6
508,Derrick,Rose,DET,PG,32,15,0,22.8,5.3,12.3,0.429,0.9,2.6,0.333,4.4,9.7,0.455,0.465,2.8,3.3,0.84,0.4,1.5,1.9,4.2,1.2,0.3,1.9,1.1,14.2
509,Derrick,Rose,NYK,PG,32,35,3,26.8,5.9,12.2,0.487,1.1,2.6,0.411,4.9,9.6,0.507,0.53,1.9,2.2,0.883,0.4,2.5,2.9,4.2,0.9,0.4,1.4,1.1,14.9
510,Terrence,Ross,ORL,SG,29,46,2,29.3,5.5,13.4,0.412,1.9,5.7,0.337,3.6,7.7,0.469,0.485,2.6,3,0.87,0.3,3.1,3.4,2.3,1,0.5,1.6,1.9,15.6
511,Terry,Rozier,CHO,SG,26,69,69,34.5,7.4,16.4,0.45,3.2,8.3,0.389,4.2,8.2,0.512,0.548,2.4,2.9,0.817,0.7,3.7,4.4,4.2,1.3,0.4,1.9,1.7,20.4
512,Ricky,Rubio,MIN,PG,30,68,51,26.1,2.8,7.3,0.388,1,3.1,0.308,1.9,4.2,0.447,0.454,1.9,2.2,0.867,0.4,2.9,3.3,6.4,1.4,0.1,1.6,2,8.6
513,D'Angelo,Russell,MIN,PG,24,42,26,28.5,6.7,15.5,0.431,2.9,7.4,0.387,3.8,8.1,0.471,0.523,2.7,3.5,0.765,0.4,2.3,2.6,5.8,1.1,0.4,2.7,1.6,19
514,Domantas,Sabonis,IND,PF,24,62,62,36,7.8,14.6,0.535,0.8,2.6,0.321,7,12,0.582,0.564,3.9,5.3,0.732,2.4,9.5,12,6.7,1.2,0.5,3.4,3.3,20.3
515,Luka,Šamanić,SAS,PF,21,33,4,9.3,1.4,3.2,0.448,0.4,1.3,0.279,1.1,1.9,0.565,0.505,0.5,0.9,0.552,0.5,1.6,2.1,0.5,0.2,0.2,0.6,1.3,3.7
516,JaKarr,Sampson,IND,PF,27,29,4,10.9,1.9,3.9,0.496,0.1,0.5,0.2,1.8,3.4,0.541,0.509,0.7,1,0.655,0.9,1.7,2.7,0.1,0.1,0.5,0.5,1.8,4.6
517,Dario,Šarić,PHO,C,26,50,4,17.4,3.1,6.8,0.447,0.9,2.7,0.348,2.1,4.1,0.512,0.516,1.7,2,0.848,0.9,2.9,3.8,1.3,0.6,0.1,1.1,1.9,8.7
518,Tomáš,Satoranský,CHI,SG,29,58,18,22.5,2.9,5.7,0.514,0.7,2,0.356,2.2,3.6,0.602,0.578,1.2,1.4,0.848,0.5,1.9,2.4,4.7,0.7,0.2,1.7,1.5,7.7
519,Dennis,Schröder,LAL,SG,27,61,61,32.1,5.4,12.5,0.437,1.2,3.5,0.335,4.3,9,0.476,0.484,3.4,4,0.848,0.5,3,3.5,5.8,1.1,0.2,2.7,2.6,15.4
520,Mike,Scott,PHI,PF,32,51,12,16.7,1.5,4.1,0.36,1,3,0.342,0.5,1.1,0.411,0.486,0.2,0.2,0.667,0.2,2.1,2.4,0.8,0.5,0.3,0.4,1.4,4.2
521,Jay,Scrubb,LAC,SG,20,4,1,21,3.5,9,0.389,0.5,2.3,0.222,3,6.8,0.444,0.417,1.3,1.3,1,0.5,3,3.5,0.3,1,0,1.8,1.3,8.8
522,Collin,Sexton,CLE,SG,22,60,60,35.3,8.8,18.4,0.475,1.6,4.4,0.371,7.1,14,0.508,0.519,5.2,6.4,0.815,1,2.2,3.1,4.4,1,0.2,2.8,2.6,24.3
523,Landry,Shamet,BRK,SG,23,61,12,23,3,7.5,0.408,2.1,5.5,0.387,0.9,2,0.463,0.549,1.1,1.3,0.846,0.2,1.7,1.8,1.6,0.5,0.2,0.8,1.5,9.3
524,Iman,Shumpert,BRK,SG,30,2,0,5.5,0.5,2,0.25,0,1.5,0,0.5,0.5,1,0.25,0,0,0,0.5,0,0.5,0,0.5,0,0.5,0,1
525,Pascal,Siakam,TOR,PF,26,56,56,35.8,7.8,17.2,0.455,1.3,4.4,0.297,6.5,12.8,0.509,0.493,4.4,5.4,0.827,1.7,5.5,7.2,4.5,1.1,0.7,2.3,3.1,21.4
526,Chris,Silva,MIA,PF,24,11,0,7.5,0.8,1.2,0.692,0.1,0.1,1,0.7,1.1,0.667,0.731,1,1.4,0.733,0.6,1.6,2.3,0.5,0.1,0.5,0.8,1.8,2.7
527,Chris,Silva,SAC,PF,24,4,0,2.3,0.3,0.8,0.333,0,0,0,0.3,0.8,0.333,0.333,0,0,0,0,0.5,0.5,0,0,0.3,0.3,1,0.5
528,Ben,Simmons,PHI,PG,24,58,58,32.4,5.6,10.1,0.557,0.1,0.2,0.3,5.6,9.9,0.562,0.56,3,4.9,0.613,1.6,5.6,7.2,6.9,1.6,0.6,3,2.9,14.3
529,Anfernee,Simons,POR,SG,21,64,0,17.3,2.6,6.3,0.419,1.9,4.4,0.426,0.8,1.9,0.403,0.569,0.7,0.9,0.807,0.2,2,2.2,1.4,0.3,0.1,0.7,1.5,7.8
530,Deividas,Sirvydis,DET,SG,20,20,0,6.7,0.7,2,0.35,0.5,1.4,0.357,0.2,0.6,0.333,0.475,0.2,0.3,0.5,0,1.5,1.5,0.3,0.1,0,0.3,0.5,2.1
531,Alen,Smailagić,GSW,PF,20,15,1,5.6,0.7,1.8,0.407,0.3,0.7,0.4,0.5,1.1,0.412,0.481,0.1,0.4,0.333,0.4,0.7,1.1,0.3,0.2,0.3,0.3,0.7,1.9
532,Marcus,Smart,BOS,PG,26,48,45,32.9,4.2,10.6,0.398,1.9,5.9,0.33,2.3,4.8,0.482,0.489,2.7,3.4,0.79,0.8,2.7,3.5,5.7,1.5,0.5,2,2.6,13.1
533,Dennis,Smith Jr.,NYK,PG,23,3,0,9.3,0.7,3.3,0.2,0,1.3,0,0.7,2,0.333,0.2,1.7,2,0.833,0,0.7,0.7,1,1,0,0.3,1.3,3
534,Dennis,Smith Jr.,DET,PG,23,20,9,19.6,2.8,6.8,0.415,1,2.7,0.352,1.9,4.1,0.457,0.485,0.7,1,0.7,0.6,2.1,2.7,3.7,1,0.7,1.3,1.7,7.3
535,Ish,Smith,WAS,PG,32,44,1,21,2.9,6.8,0.434,0.4,1.1,0.367,2.5,5.6,0.448,0.465,0.4,0.8,0.576,0.5,2.9,3.4,3.9,0.7,0.3,0.9,1.4,6.7
536,Jalen,Smith,PHO,PF,20,27,1,5.8,0.8,1.9,0.44,0.1,0.6,0.235,0.7,1.2,0.545,0.48,0.2,0.3,0.714,0.3,1.1,1.4,0.1,0,0.2,0.3,0.6,2
537,Tony,Snell,ATL,SG,29,47,23,21.1,1.9,3.6,0.515,1.3,2.3,0.569,0.6,1.3,0.419,0.696,0.2,0.2,1,0.4,2,2.4,1.3,0.3,0.2,0.4,1.6,5.3
538,Ray,Spalding,HOU,C,23,2,0,9.5,1,2,0.5,0,0.5,0,1,1.5,0.667,0.5,0,1,0,1,1,2,0,0,1,1.5,1.5,2
539,Cassius,Stanley,IND,SG,21,24,0,3.9,0.5,1.8,0.302,0.1,0.5,0.231,0.4,1.3,0.333,0.337,0.3,0.4,0.778,0.3,0.5,0.8,0,0,0.1,0,0.6,1.5
540,Lamar,Stevens,CLE,PF,23,40,0,12.5,1.6,3.4,0.456,0.1,0.6,0.16,1.5,2.8,0.523,0.471,0.9,1.3,0.725,0.6,1.8,2.4,0.6,0.4,0.3,0.6,1.3,4.1
541,Isaiah,Stewart,DET,C,19,68,14,21.4,3.3,6,0.553,0.3,0.9,0.333,3,5.1,0.592,0.578,0.9,1.4,0.696,2.3,4.3,6.7,0.9,0.6,1.3,1,2.7,7.9
542,Max,Strus,MIA,SF,24,39,0,13,2.2,4.8,0.455,1.3,3.8,0.338,0.9,1,0.897,0.588,0.4,0.6,0.667,0.1,0.9,1.1,0.6,0.3,0.1,0.2,1.1,6.1
543,Edmond,Sumner,IND,SG,25,53,24,16.2,2.8,5.3,0.525,0.7,1.7,0.398,2.1,3.7,0.582,0.587,1.3,1.6,0.819,0.3,1.4,1.8,0.9,0.6,0.2,1,1.7,7.5
544,Jae'Sean,Tate,HOU,SF,25,70,58,29.2,4.5,8.9,0.506,0.9,2.8,0.308,3.7,6.1,0.595,0.554,1.5,2.1,0.694,1.9,3.5,5.3,2.5,1.2,0.5,1.4,3.2,11.3
545,Jayson,Tatum,BOS,SF,22,64,64,35.8,9.5,20.6,0.459,2.9,7.6,0.386,6.5,13,0.502,0.53,4.6,5.3,0.868,0.8,6.6,7.4,4.3,1.2,0.5,2.7,1.9,26.4
546,Jeff,Teague,BOS,PG,32,34,5,18.1,2.3,5.5,0.415,0.8,1.6,0.464,1.5,3.9,0.394,0.484,1.5,1.8,0.836,0.3,1.4,1.7,2.1,0.8,0.2,1.1,1.3,6.9
547,Jeff,Teague,MIL,PG,32,21,2,15.9,2.1,4.6,0.469,0.5,1.2,0.385,1.7,3.3,0.5,0.521,1.8,2.1,0.864,0.2,1.2,1.5,2.8,0.4,0.2,1.2,0.6,6.6
548,Garrett,Temple,CHI,SG,34,56,25,27.3,2.8,6.8,0.415,1.2,3.6,0.335,1.6,3.2,0.503,0.503,0.7,0.9,0.8,0.5,2.3,2.9,2.2,0.8,0.5,1,2.3,7.6
549,Tyrell,Terry,DAL,PG,20,11,0,5.1,0.5,1.5,0.313,0,0.6,0,0.5,0.8,0.556,0.313,0.1,0.3,0.333,0,0.5,0.5,0.5,0.5,0,0.2,0.2,1
550,Daniel,Theis,BOS,C,28,42,37,24.5,3.8,6.9,0.552,0.8,2.3,0.347,3,4.6,0.653,0.609,1.1,1.6,0.687,1.3,4,5.2,1.6,0.6,1,1,2.9,9.5
551,Daniel,Theis,CHI,C,28,23,14,25,4,7.7,0.522,0.7,2.5,0.281,3.3,5.3,0.636,0.567,1.2,1.9,0.651,1.7,4.2,5.9,1.8,0.7,0.6,1.1,2,10
552,Brodric,Thomas,HOU,SG,24,4,0,6,0.5,1.8,0.286,0.3,1.5,0.167,0.3,0.3,1,0.357,1.3,1.8,0.714,0.3,0.8,1,1,0.3,0.3,1,1.3,2.5
553,Brodric,Thomas,CLE,SG,24,28,1,13.4,1.3,3.6,0.366,0.5,1.9,0.283,0.8,1.7,0.458,0.441,0.9,1.4,0.667,0.3,1.5,1.8,0.9,0.5,0.3,0.6,1.3,4.1
554,Isaiah,Thomas,NOP,PG,31,3,0,16,3,9,0.333,1,4,0.25,2,5,0.4,0.389,0.7,0.7,1,0.3,1,1.3,1.7,0.3,0,2,1,7.7
555,Khyri,Thomas,HOU,SG,24,5,2,30.6,6.4,13.2,0.485,1.8,5.4,0.333,4.6,7.8,0.59,0.553,1.8,1.8,1,1.4,2.2,3.6,5,1.8,1.2,1.2,1.6,16.4
556,Matt,Thomas,TOR,SG,26,26,0,7.4,0.9,2.4,0.387,0.7,1.6,0.415,0.3,0.8,0.333,0.524,0.2,0.3,0.857,0.1,0.7,0.8,0.3,0.1,0,0.2,0.4,2.7
557,Matt,Thomas,UTA,SG,26,19,0,7.1,1.4,3.4,0.4,0.5,2.1,0.256,0.8,1.4,0.615,0.477,0.3,0.4,0.857,0.2,1,1.2,0.5,0.1,0,0.4,0.4,3.6
558,Tristan,Thompson,BOS,PF,29,54,43,23.8,3.1,6,0.518,0,0.1,0,3.1,6,0.523,0.518,1.3,2.2,0.592,3.1,5,8.1,1.2,0.4,0.6,1.1,2.2,7.6
559,Sindarius,Thornwell,NOP,SG,26,14,1,5.2,0.5,1.5,0.333,0.2,0.6,0.333,0.3,0.9,0.333,0.405,0,0.1,0,0.1,0.3,0.4,0.3,0.4,0.1,0.3,0.2,1.2
560,Sindarius,Thornwell,ORL,SG,26,7,0,20.6,1.1,3.6,0.32,0.6,2,0.286,0.6,1.6,0.364,0.4,0.6,0.9,0.667,0.3,1.6,1.9,2.4,1.1,0.1,0.4,1.7,3.4
561,Matisse,Thybulle,PHI,SG,23,65,8,20,1.6,3.7,0.42,0.7,2.2,0.301,0.9,1.5,0.59,0.508,0.1,0.3,0.444,0.5,1.4,1.9,1,1.6,1.1,0.5,2,3.9
562,Killian,Tillie,MEM,C,22,18,1,10.1,1.1,3.2,0.333,0.6,1.8,0.303,0.5,1.3,0.375,0.421,0.5,0.6,0.818,0.3,1,1.3,0.4,0.3,0.4,0.1,1.1,3.2
563,Xavier,Tillman Sr.,MEM,PF,22,59,12,18.4,2.8,5.1,0.559,0.4,1.1,0.338,2.5,4,0.62,0.595,0.6,0.9,0.642,1.3,3.1,4.3,1.3,0.7,0.6,0.8,2,6.6
564,Anthony,Tolliver,PHI,PF,35,11,0,9,0.4,1.5,0.235,0.4,1.3,0.286,0,0.3,0,0.353,0.5,0.5,0.833,0.3,0.6,0.9,0.2,0.3,0.2,0.3,0.6,1.5
565,Obi,Toppin,NYK,PF,22,62,0,11,1.7,3.4,0.498,0.4,1.4,0.306,1.3,2,0.629,0.56,0.3,0.4,0.731,0.4,1.8,2.2,0.5,0.3,0.2,0.4,0.9,4.1
566,Juan,Toscano-Anderson,GSW,SG,27,53,16,20.9,2.3,3.9,0.579,0.7,1.7,0.402,1.6,2.2,0.718,0.667,0.4,0.6,0.71,0.5,3.9,4.4,2.8,0.8,0.5,1.2,2.1,5.7
567,Axel,Toupane,MIL,SF,28,8,1,7.6,0.5,1.4,0.364,0.1,0.3,0.5,0.4,1.1,0.333,0.409,0.6,0.9,0.714,0,0.8,0.8,0.5,0.3,0.4,0,0.8,1.8
568,Karl-Anthony,Towns,MIN,C,25,50,50,33.8,8.5,17.5,0.486,2.4,6.3,0.387,6.1,11.2,0.541,0.555,5.3,6.2,0.859,2.7,7.9,10.6,4.5,0.8,1.1,3.2,3.7,24.8
569,Gary,Trent Jr.,POR,SG,22,41,23,30.8,5.3,12.8,0.414,3,7.4,0.397,2.3,5.3,0.438,0.53,1.4,1.8,0.773,0.5,1.7,2.2,1.4,0.9,0.1,0.8,1.5,15
570,Gary,Trent Jr.,TOR,SG,22,17,15,31.8,6.1,15.4,0.395,2.6,7.3,0.355,3.5,8.1,0.431,0.479,1.5,1.8,0.806,0.4,3.2,3.6,1.3,1.1,0.2,0.7,1.7,16.2
571,P.J.,Tucker,HOU,PF,35,32,32,30,1.5,4.1,0.366,0.8,2.7,0.314,0.7,1.4,0.467,0.469,0.6,0.7,0.783,1,3.6,4.6,1.4,0.9,0.6,1,2.8,4.4
572,P.J.,Tucker,MIL,PF,35,20,1,19.9,0.9,2.3,0.391,0.7,1.7,0.394,0.3,0.7,0.385,0.533,0.2,0.3,0.6,0.9,1.9,2.8,0.8,0.5,0.1,0.4,1.7,2.6
573,Rayjon,Tucker,PHI,PG,23,14,0,4.9,0.6,1.3,0.5,0.1,0.5,0.286,0.5,0.8,0.636,0.556,1,1.4,0.737,0.1,0.7,0.8,0.4,0.1,0,0.3,0.6,2.4
574,Myles,Turner,IND,C,24,47,47,31,4.4,9.2,0.477,1.5,4.4,0.335,2.9,4.8,0.606,0.557,2.4,3,0.782,1.3,5.2,6.5,1,0.9,3.4,1.4,3.5,12.6
575,Jonas,Valančiūnas,MEM,C,28,62,61,28.3,7.1,12,0.592,0.3,0.9,0.368,6.8,11.1,0.611,0.606,2.5,3.3,0.773,4.1,8.4,12.5,1.8,0.6,0.9,1.6,2.9,17.1
576,Denzel,Valentine,CHI,SG,27,62,3,16.7,2.5,6.7,0.373,1.3,3.9,0.331,1.2,2.8,0.431,0.469,0.3,0.3,0.941,0.4,2.8,3.2,1.7,0.5,0.1,0.7,1.1,6.5
577,Jarred,Vanderbilt,MIN,PF,21,64,30,17.8,2.2,3.7,0.606,0,0.1,0.2,2.2,3.6,0.615,0.608,0.9,1.6,0.559,1.8,3.9,5.8,1.2,1,0.7,0.8,1.9,5.4
578,Fred,VanVleet,TOR,SG,26,52,52,36.5,6.5,16.7,0.389,3.3,9.2,0.366,3.2,7.6,0.416,0.489,3.3,3.7,0.885,0.6,3.6,4.2,6.3,1.7,0.7,1.8,2.3,19.6
579,Anderson,Varejão,CLE,C,38,5,0,7.2,0.8,3.2,0.25,0,0.2,0,0.8,3,0.267,0.25,1,1.8,0.556,1.4,2.6,4,0.6,0,0.4,0.2,0.6,2.6
580,Devin,Vassell,SAS,SF,20,62,7,17,2,4.9,0.406,0.8,2.4,0.347,1.1,2.5,0.464,0.492,0.7,0.8,0.843,0.4,2.4,2.8,0.9,0.7,0.3,0.4,1.4,5.5
581,Gabe,Vincent,MIA,PG,24,50,7,13.1,1.8,4.7,0.378,0.9,3,0.309,0.8,1.7,0.5,0.476,0.4,0.5,0.87,0.2,0.9,1.1,1.3,0.4,0,0.7,1.6,4.8
582,Noah,Vonleh,BRK,PF,25,4,0,2.8,0,0.8,0,0,0.5,0,0,0.3,0,0,0,0,0,0,0.3,0.3,0.3,0,0,0.5,0.5,0
583,Nikola,Vučević,ORL,C,30,44,44,34.1,9.9,20.6,0.48,2.7,6.5,0.406,7.3,14.1,0.515,0.545,2.1,2.5,0.827,2,9.8,11.8,3.8,1,0.6,1.9,1.8,24.5
584,Nikola,Vučević,CHI,C,30,26,26,32.6,8.8,18.8,0.471,2.3,5.8,0.388,6.6,12.9,0.509,0.532,1.5,1.8,0.87,2.3,9.3,11.5,3.9,0.9,0.8,1.7,2.2,21.5
585,Dean,Wade,CLE,PF,24,63,19,19.2,2.1,4.9,0.431,1.2,3.4,0.366,0.9,1.6,0.571,0.556,0.5,0.6,0.769,0.6,2.8,3.4,1.2,0.6,0.3,0.5,1.2,6
586,Moritz,Wagner,WAS,C,23,25,13,15,2.5,4.9,0.508,0.5,1.7,0.31,2,3.2,0.613,0.561,1.6,2.1,0.788,0.5,2.4,2.9,1.3,0.9,0.3,0.8,2.5,7.1
587,Moritz,Wagner,BOS,C,23,9,1,6.8,0.4,1.6,0.286,0.2,0.7,0.333,0.2,0.9,0.25,0.357,0.1,0.2,0.5,0.3,1.8,2.1,0.7,0,0.1,1,1.1,1.2
588,Moritz,Wagner,ORL,C,23,11,10,26,3.5,8.5,0.409,1.5,3.9,0.372,2,4.5,0.44,0.495,2.6,3,0.879,1,3.9,4.9,1.1,0.4,0.8,1.2,3.3,11
589,Kemba,Walker,BOS,PG,30,43,43,31.8,6.6,15.7,0.42,3,8.2,0.36,3.7,7.5,0.486,0.514,3.1,3.5,0.899,0.4,3.6,4,4.9,1.1,0.3,2,1.4,19.3
590,Lonnie,Walker,SAS,SG,22,60,38,25.4,4.3,10.2,0.42,1.7,4.7,0.355,2.6,5.5,0.477,0.502,1,1.2,0.814,0.2,2.4,2.6,1.7,0.5,0.3,1.1,1.7,11.2
591,John,Wall,HOU,PG,30,40,40,32.2,7.3,18.2,0.404,2,6.2,0.317,5.4,11.9,0.449,0.458,4,5.3,0.749,0.4,2.8,3.2,6.9,1.1,0.8,3.5,1.2,20.6
592,Brad,Wanamaker,GSW,PG,31,39,0,16,1.6,4.4,0.353,0.3,1.6,0.213,1.2,2.9,0.429,0.39,1.3,1.4,0.893,0.2,1.5,1.7,2.5,0.7,0.2,0.9,1.4,4.7
593,Brad,Wanamaker,CHO,PG,31,22,0,19.5,2.5,5.7,0.429,0.1,1.1,0.125,2.3,4.6,0.5,0.44,1.8,2,0.889,0.5,1.3,1.8,3.4,0.8,0.2,1.5,1.8,6.9
594,T.J.,Warren,IND,SF,27,4,4,29.3,6.8,12.8,0.529,0,1.8,0,6.8,11,0.614,0.529,2,2.5,0.8,0.5,3,3.5,1.3,0.5,0,1,4,15.5
595,P.J.,Washington,CHO,PF,22,64,61,30.5,4.7,10.7,0.44,1.8,4.5,0.386,3,6.2,0.48,0.522,1.7,2.3,0.745,1.5,5.1,6.5,2.5,1.1,1.2,2,2.7,12.9
596,Yuta,Watanabe,TOR,SF,26,50,4,14.5,1.6,3.6,0.439,0.7,1.8,0.4,0.9,1.8,0.478,0.539,0.5,0.6,0.828,0.7,2.5,3.2,0.8,0.5,0.4,0.4,1.1,4.4
597,Tremont,Waters,BOS,PG,23,26,3,9.2,1.3,3.2,0.405,0.6,1.5,0.395,0.7,1.8,0.413,0.494,0.6,0.7,0.941,0.2,0.6,0.8,2.4,0.6,0,1,0.7,3.8
598,Paul,Watson,TOR,SF,26,27,2,11,1.4,3,0.463,1.1,2.4,0.469,0.3,0.7,0.444,0.646,0.2,0.3,0.625,0.1,1.5,1.7,0.6,0.2,0.1,0.3,1.3,4.1
599,Quinndary,Weatherspoon,SAS,SG,24,20,0,6.1,0.8,1.8,0.457,0.1,0.3,0.167,0.8,1.5,0.517,0.471,0.7,0.8,0.813,0.2,0.4,0.6,0.4,0.4,0.1,0.5,0.9,2.3
600,Russell,Westbrook,WAS,PG,32,65,65,36.4,8.4,19,0.439,1.3,4.2,0.315,7,14.8,0.475,0.474,4.2,6.4,0.656,1.7,9.9,11.5,11.7,1.4,0.4,4.8,2.9,22.2
601,Coby,White,CHI,PG,20,69,54,31.2,5.4,13.1,0.416,2.4,6.6,0.359,3.1,6.5,0.473,0.506,1.9,2.1,0.901,0.4,3.7,4.1,4.8,0.6,0.2,2.3,2.6,15.1
602,Derrick,White,SAS,SG,26,36,32,29.6,5.2,12.6,0.411,2.3,6.8,0.346,2.8,5.8,0.486,0.503,2.7,3.2,0.851,0.4,2.6,3,3.5,0.7,1,1.3,2.5,15.4
603,Hassan,Whiteside,SAC,C,31,36,4,15.2,3.5,6.2,0.563,0,0,0,3.5,6.2,0.565,0.563,1.1,2.2,0.519,1.7,4.3,6,0.6,0.3,1.3,1.1,2,8.1
604,Greg,Whittington,DEN,PF,27,4,0,3,0,0.8,0,0,0.5,0,0,0.3,0,0,0,0,0,0,0,0,0,0,0,0,0,0
605,Andrew,Wiggins,GSW,PF,25,71,71,33.3,7.1,14.9,0.477,2,5.2,0.38,5.1,9.7,0.529,0.543,2.4,3.4,0.714,1.2,3.7,4.9,2.4,0.9,1,1.8,2.2,18.6
606,Grant,Williams,BOS,PF,22,63,9,18.1,1.7,3.9,0.437,0.8,2,0.372,1,1.9,0.508,0.534,0.5,0.8,0.588,0.8,2.1,2.8,1,0.5,0.4,0.9,2.6,4.7
607,Kenrich,Williams,OKC,PF,26,66,13,21.6,3.3,6.2,0.533,0.8,1.8,0.444,2.5,4.5,0.568,0.596,0.5,1,0.571,1.3,2.9,4.1,2.3,0.8,0.3,1.2,2.2,8
608,Lou,Williams,LAC,PG,34,42,3,21.9,4.3,10.2,0.421,1.1,2.8,0.378,3.2,7.4,0.437,0.473,2.5,2.8,0.866,0.4,1.7,2.1,3.4,0.9,0.1,1.6,1,12.1
609,Lou,Williams,ATL,PG,34,24,1,21,3.5,9,0.389,1,2.3,0.444,2.5,6.8,0.37,0.444,2,2.3,0.87,0.3,1.8,2.1,3.4,0.3,0.1,1.8,0.8,10
610,Patrick,Williams,CHI,PF,19,71,71,27.9,3.6,7.4,0.483,0.8,1.9,0.391,2.8,5.5,0.515,0.534,1.3,1.8,0.728,0.9,3.7,4.6,1.4,0.9,0.6,1.4,1.8,9.2
611,Robert,Williams,BOS,C,23,52,13,18.9,3.6,5,0.721,0,0,0,3.6,4.9,0.727,0.721,0.9,1.4,0.616,2.6,4.3,6.9,1.8,0.8,1.8,1,2,8
612,Zion,Williamson,NOP,PF,20,61,61,33.2,10.4,17,0.611,0.2,0.6,0.294,10.2,16.4,0.622,0.616,6,8.7,0.698,2.7,4.5,7.2,3.7,0.9,0.6,2.7,2.2,27
613,D.J.,Wilson,MIL,PF,24,12,0,8.8,1.3,3.6,0.372,0.8,2.3,0.357,0.5,1.3,0.4,0.488,0.1,0.2,0.5,0.3,1.8,2.1,0.3,0.1,0.3,0.3,1.1,3.6
614,D.J.,Wilson,HOU,PF,24,23,1,14.3,2.3,5.4,0.416,0.9,2.6,0.339,1.4,2.9,0.485,0.496,0.7,1,0.696,0.7,3,3.8,0.9,0.4,0.5,0.8,1.3,6.1
615,Dylan,Windler,CLE,SF,24,31,0,16.5,1.8,4.2,0.438,0.8,2.5,0.338,1,1.7,0.585,0.538,0.7,0.9,0.778,0.6,2.8,3.5,1.1,0.6,0.4,1,1.2,5.2
616,Justise,Winslow,MEM,SF,24,26,1,19.5,2.8,8.1,0.352,0.4,2.1,0.185,2.5,6,0.41,0.376,0.8,1.3,0.571,0.7,3.8,4.5,1.9,0.6,0.5,1.4,1.8,6.8
617,Cassius,Winston,WAS,PG,22,22,0,4.5,0.6,1.5,0.424,0.4,0.8,0.471,0.3,0.7,0.375,0.545,0.2,0.3,0.833,0,0.4,0.4,0.5,0.1,0,0.2,0.4,1.9
618,James,Wiseman,GSW,C,19,39,27,21.4,4.9,9.4,0.519,0.3,1,0.316,4.6,8.5,0.542,0.535,1.4,2.2,0.628,1.4,4.4,5.8,0.7,0.3,0.9,1.5,3.1,11.5
619,Christian,Wood,HOU,C,25,41,41,32.3,8,15.6,0.514,1.9,5,0.374,6.1,10.6,0.581,0.574,3,4.8,0.631,1.9,7.8,9.6,1.7,0.8,1.2,2,2.1,21
620,Robert,Woodard,SAC,SF,21,13,0,3.5,0.6,1.5,0.4,0.1,0.5,0.167,0.5,1.1,0.5,0.425,0.2,0.6,0.375,0.3,0.9,1.2,0.2,0,0.2,0.1,0.3,1.5
621,Delon,Wright,DET,SG,28,36,31,29.2,3.8,8.1,0.464,0.9,2.5,0.348,2.9,5.7,0.515,0.517,2,2.5,0.789,1,3.5,4.6,5,1.6,0.5,1.3,1.3,10.4
622,Delon,Wright,SAC,PG,28,27,8,25.8,3.9,8.3,0.462,1.2,3.1,0.398,2.6,5.3,0.5,0.536,1.1,1.3,0.833,1,2.9,3.9,3.6,1.6,0.4,1.3,1.1,10
623,Thaddeus,Young,CHI,PF,32,68,23,24.3,5.4,9.7,0.559,0.2,0.7,0.267,5.3,9.1,0.58,0.568,1,1.7,0.628,2.5,3.8,6.2,4.3,1.1,0.6,2,2.2,12.1
624,Trae,Young,ATL,PG,22,63,63,33.7,7.7,17.7,0.438,2.2,6.3,0.343,5.6,11.3,0.491,0.499,7.7,8.7,0.886,0.6,3.3,3.9,9.4,0.8,0.2,4.1,1.8,25.3
625,Cody,Zeller,CHO,C,28,48,21,20.9,3.8,6.8,0.559,0.1,0.6,0.143,3.7,6.2,0.598,0.565,1.8,2.5,0.714,2.5,4.4,6.8,1.8,0.6,0.4,1.1,2.5,9.4
626,Ivica,Zubac,LAC,C,23,72,33,22.3,3.6,5.5,0.652,0,0.1,0.25,3.6,5.4,0.656,0.654,1.9,2.4,0.789,2.6,4.6,7.2,1.3,0.3,0.9,1.1,2.6,9
